번호,이름,시간분류,형식/소재/세대,비주얼태그,전체라벨
1,Rickroll,#고전 #스테디,#유행어,#빨간머리 #베이지코트 #춤 #뮤직비디오 #낚시링크,#고전 #스테디 #유행어 #빨간머리 #베이지코트 #춤 #뮤직비디오 #낚시링크
2,Doge,#고전 #스테디,#동물,#시바견 #노란털 #곁눈질 #둥근얼굴,#고전 #스테디 #동물 #시바견 #노란털 #곁눈질 #둥근얼굴
3,Distracted Boyfriend,#고전 #스테디,#반응짤,#빨간원피스 #파란셔츠 #뒤돌아보기 #커플 #길거리 #휘파람,#고전 #스테디 #반응짤 #빨간원피스 #파란셔츠 #뒤돌아보기 #커플 #길거리 #휘파람
4,Drake Hotline Bling,#고전 #스테디,#포맷,#주황패딩 #노란배경 #손사래 #고개돌리기 #거부 #승인,#고전 #스테디 #포맷 #주황패딩 #노란배경 #손사래 #고개돌리기 #거부 #승인
5,Surprised Pikachu,#고전 #스테디,#반응짤,#피카츄 #노란색 #입벌림 #놀람,#고전 #스테디 #반응짤 #피카츄 #노란색 #입벌림 #놀람
6,Woman Yelling at a Cat,#고전 #스테디,#반응짤,#식탁 #샐러드 #흰고양이 #소리치는금발 #손가락질,#고전 #스테디 #반응짤 #식탁 #샐러드 #흰고양이 #소리치는금발 #손가락질
7,Expanding Brain,#고전 #스테디,#포맷,#빛나는뇌 #4단계 #우주 #엑스레이,#고전 #스테디 #포맷 #빛나는뇌 #4단계 #우주 #엑스레이
8,Mocking SpongeBob,#고전 #스테디,#조롱,#스폰지밥 #닭자세 #노란색 #대소문자번갈이,#고전 #스테디 #조롱 #스폰지밥 #닭자세 #노란색 #대소문자번갈이
9,Change My Mind,#고전 #스테디,#포맷,#야외테이블 #현수막 #커피 #캠퍼스 #반박해봐,#고전 #스테디 #포맷 #야외테이블 #현수막 #커피 #캠퍼스 #반박해봐
10,Stonks,#고전 #스테디,#반응짤,#3D얼굴 #정장 #상승그래프 #주식 #오타,#고전 #스테디 #반응짤 #3D얼굴 #정장 #상승그래프 #주식 #오타
11,Always Has Been,#고전 #스테디,#포맷,#우주비행사 #지구 #총 #뒤통수 #우주,#고전 #스테디 #포맷 #우주비행사 #지구 #총 #뒤통수 #우주
12,Evil Kermit,#고전 #스테디,#포맷,#개구리 #검은후드망토 #쌍둥이 #속삭임 #시스로드,#고전 #스테디 #포맷 #개구리 #검은후드망토 #쌍둥이 #속삭임 #시스로드
13,GigaChad,#고전 #스테디,#반응짤,#흑백사진 #턱선 #수염 #근육 #조각몸매,#고전 #스테디 #반응짤 #흑백사진 #턱선 #수염 #근육 #조각몸매
14,Wojak,#고전 #스테디,#감정,#대머리그림 #슬픈눈 #MS페인트 #그기분알아,#고전 #스테디 #감정 #대머리그림 #슬픈눈 #MS페인트 #그기분알아
15,NPC Wojak,#고전 #스테디,#조롱,#회색얼굴 #무표정 #뾰족코 #로봇같음,#고전 #스테디 #조롱 #회색얼굴 #무표정 #뾰족코 #로봇같음
16,Coffin Dance,#고전 #스테디,#영상,#관운반 #검은정장 #선글라스 #춤 #장례식,#고전 #스테디 #영상 #관운반 #검은정장 #선글라스 #춤 #장례식
17,Among Us,#고전 #스테디,#게임,#우주인 #크루원 #임포스터 #빨간캐릭터 #의심,#고전 #스테디 #게임 #우주인 #크루원 #임포스터 #빨간캐릭터 #의심
18,This Is Fine,#고전 #스테디,#반응짤,#불타는방 #강아지 #커피잔 #모자 #괜찮아,#고전 #스테디 #반응짤 #불타는방 #강아지 #커피잔 #모자 #괜찮아
19,Grumpy Cat,#고전 #스테디,#동물,#찌푸린얼굴 #흰갈색고양이 #파란눈 #심술,#고전 #스테디 #동물 #찌푸린얼굴 #흰갈색고양이 #파란눈 #심술
20,Hide the Pain Harold,#고전 #스테디,#반응짤,#백발할아버지 #억지미소 #커피잔 #스톡사진,#고전 #스테디 #반응짤 #백발할아버지 #억지미소 #커피잔 #스톡사진
21,Bad Luck Brian,#고전 #스테디,#포맷,#교정기 #체크조끼 #증명사진 #금발 #어색한미소,#고전 #스테디 #포맷 #교정기 #체크조끼 #증명사진 #금발 #어색한미소
22,One Does Not Simply,#고전 #스테디,#포맷,#보로미르 #수염 #손가락제스처 #반지의제왕,#고전 #스테디 #포맷 #보로미르 #수염 #손가락제스처 #반지의제왕
23,Nyan Cat,#고전 #스테디,#GIF,#픽셀아트 #무지개꼬리 #팝타르트 #우주 #8비트,#고전 #스테디 #GIF #픽셀아트 #무지개꼬리 #팝타르트 #우주 #8비트
24,Sad Keanu,#고전 #스테디,#반응짤,#벤치 #샌드위치 #혼자 #고개숙임 #수염,#고전 #스테디 #반응짤 #벤치 #샌드위치 #혼자 #고개숙임 #수염
25,Leonardo DiCaprio Cheers,#고전 #스테디,#반응짤,#샴페인잔 #건배 #턱시도 #개츠비 #불꽃놀이,#고전 #스테디 #반응짤 #샴페인잔 #건배 #턱시도 #개츠비 #불꽃놀이
26,Success Kid,#고전 #스테디,#반응짤,#아기 #주먹쥐기 #해변 #모래 #결연한표정,#고전 #스테디 #반응짤 #아기 #주먹쥐기 #해변 #모래 #결연한표정
27,Pepe the Frog,#고전 #스테디,#감정,#초록개구리 #빨간입술 #큰눈,#고전 #스테디 #감정 #초록개구리 #빨간입술 #큰눈
28,Trollface,#고전 #스테디,#조롱,#흑백낙서 #능글미소 #큰입,#고전 #스테디 #조롱 #흑백낙서 #능글미소 #큰입
29,Disaster Girl,#고전 #스테디,#반응짤,#불타는집 #웃는여자아이 #화재 #미소 #소방차,#고전 #스테디 #반응짤 #불타는집 #웃는여자아이 #화재 #미소 #소방차
30,Roll Safe,#고전 #스테디,#반응짤,#관자놀이 #손가락 #미소 #검은남자 #꾀,#고전 #스테디 #반응짤 #관자놀이 #손가락 #미소 #검은남자 #꾀
31,Is This a Pigeon,#고전 #스테디,#포맷,#나비 #안경남자 #애니메이션 #손짓 #착각,#고전 #스테디 #포맷 #나비 #안경남자 #애니메이션 #손짓 #착각
32,Two Buttons,#고전 #스테디,#포맷,#빨간버튼 #두개버튼 #땀닦기 #슈퍼히어로,#고전 #스테디 #포맷 #빨간버튼 #두개버튼 #땀닦기 #슈퍼히어로
33,Gru's Plan,#고전 #스테디,#포맷,#대머리악당 #긴코 #계획판넘기기 #4컷 #당황,#고전 #스테디 #포맷 #대머리악당 #긴코 #계획판넘기기 #4컷 #당황
34,Sigma Male,#고전 #스테디,#조롱,#늑대 #혼자 #정장 #무표정 #자기계발,#고전 #스테디 #조롱 #늑대 #혼자 #정장 #무표정 #자기계발
35,POV Format,#스테디,#포맷 #틱톡,#1인칭시점 #상황극 #카메라응시,#스테디 #포맷 #틱톡 #1인칭시점 #상황극 #카메라응시
36,It's Gonna Be May,#고전 #스테디,#유명인,#저스틴팀버레이크 #엔싱크 #4월말 #발음드립,#고전 #스테디 #유명인 #저스틴팀버레이크 #엔싱크 #4월말 #발음드립
37,Krispy Kreme Crispy,#고전 #스테디,#영상,#도넛 #글레이즈 #브랜드드립,#고전 #스테디 #영상 #도넛 #글레이즈 #브랜드드립
38,Michael Scott No,#고전 #스테디,#반응짤,#소리치는상사 #노노노 #사무실 #더오피스,#고전 #스테디 #반응짤 #소리치는상사 #노노노 #사무실 #더오피스
39,Skibidi Toilet,#신상,#브레인롯 #GenAlpha,#변기 #사람머리 #CG애니 #군단,#신상 #브레인롯 #GenAlpha #변기 #사람머리 #CG애니 #군단
40,Hawk Tuah,#2024,#유행어 #영상,#카우보이모자? #금발 #길거리인터뷰 #침소리,#2024 #유행어 #영상 #카우보이모자? #금발 #길거리인터뷰 #침소리
41,Brat Summer,#2024,#음악 #라이프스타일,#형광연두 #라임그린 #앨범커버 #소문자,#2024 #음악 #라이프스타일 #형광연두 #라임그린 #앨범커버 #소문자
42,Very Demure Very Mindful,#2024,#유행어 #틱톡,#조신 #차분 #화장 #립싱크,#2024 #유행어 #틱톡 #조신 #차분 #화장 #립싱크
43,Moo Deng,#2024,#동물,#아기하마 #분홍볼 #물튀기기 #태국동물원,#2024 #동물 #아기하마 #분홍볼 #물튀기기 #태국동물원
44,AI Slop,#2024,#AI,#AI생성 #저품질 #이상한손가락 #대량생산,#2024 #AI #AI생성 #저품질 #이상한손가락 #대량생산
45,Looking at Wrist,#스테디,#반응짤,#손목보기 #시계없음 #기다림,#스테디 #반응짤 #손목보기 #시계없음 #기다림
46,Tralalero Tralala,#2025,#브레인롯 #AI,#상어 #파란나이키 #세다리 #AI캐릭터,#2025 #브레인롯 #AI #상어 #파란나이키 #세다리 #AI캐릭터
47,Tung Tung Tung Sahur,#2025,#브레인롯 #AI,#나무방망이 #북소리 #새벽 #AI캐릭터,#2025 #브레인롯 #AI #나무방망이 #북소리 #새벽 #AI캐릭터
48,Bombardiro Crocodilo,#2025,#브레인롯 #AI,#악어머리 #폭격기몸통 #비행 #AI캐릭터,#2025 #브레인롯 #AI #악어머리 #폭격기몸통 #비행 #AI캐릭터
49,Ballerina Cappuccina,#2025,#브레인롯 #AI,#커피잔머리 #발레복 #치마 #AI캐릭터,#2025 #브레인롯 #AI #커피잔머리 #발레복 #치마 #AI캐릭터
50,6-7,#2025,#유행어 #GenAlpha,#숫자 #틱톡사운드 #랩 #손짓,#2025 #유행어 #GenAlpha #숫자 #틱톡사운드 #랩 #손짓
51,Gurt: Yo,#2025,#틱톡,#인사 #요 #대답,#2025 #틱톡 #인사 #요 #대답
52,Adrian Explain Our Friend Group,#2025,#영상 #틱톡,#단체사진 #친구소개 #설명글,#2025 #영상 #틱톡 #단체사진 #친구소개 #설명글
53,Say You Swear,#2025,#AI #틱톡,#맹세 #약속 #새끼손가락,#2025 #AI #틱톡 #맹세 #약속 #새끼손가락
54,Papa Squid Game,#2025,#합성 #틱톡,#오징어게임 #분홍경비 #가면,#2025 #합성 #틱톡 #오징어게임 #분홍경비 #가면
55,Jet2Holiday,#2025,#사운드 #틱톡,#항공사 #광고음악 #휴가 #사고영상,#2025 #사운드 #틱톡 #항공사 #광고음악 #휴가 #사고영상
56,Clock Strikes 12,#2025,#사운드 #틱톡,#자정 #시계 #변신,#2025 #사운드 #틱톡 #자정 #시계 #변신
57,Dubai Chocolate,#2025,#음식 #틱톡,#초록속 #피스타치오 #카다이프 #판초콜릿,#2025 #음식 #틱톡 #초록속 #피스타치오 #카다이프 #판초콜릿
58,Gen Z Stare,#2025,#틱톡,#무표정 #멍한눈 #응시 #계산대,#2025 #틱톡 #무표정 #멍한눈 #응시 #계산대
59,Parker Posey White Lotus,#2025,#반응짤 #드라마,#리조트 #선글라스 #부자관광객,#2025 #반응짤 #드라마 #리조트 #선글라스 #부자관광객
60,Katy Perry Space,#2025,#반응짤 #유명인,#우주비행 #파란우주복 #무중력 #키스,#2025 #반응짤 #유명인 #우주비행 #파란우주복 #무중력 #키스
61,Kendrick Super Bowl,#2025,#음악 #스포츠,#슈퍼볼 #하프타임 #랩공연 #청바지,#2025 #음악 #스포츠 #슈퍼볼 #하프타임 #랩공연 #청바지
62,Bhad Bhabie Grandma,#2025,#반응짤 #유명인,#토크쇼 #할머니말투 #소녀,#2025 #반응짤 #유명인 #토크쇼 #할머니말투 #소녀
63,Home When You Left,#2025,#사운드 #틱톡,#집 #변한모습 #비교,#2025 #사운드 #틱톡 #집 #변한모습 #비교
64,Patrick Blank Exam,#2025,#반응짤,#백지시험지 #불가사리 #멍한표정 #분홍,#2025 #반응짤 #백지시험지 #불가사리 #멍한표정 #분홍
65,Nihilist Penguin,#2026,#반응짤 #감정,#펭귄 #파란배경 #허무 #명언,#2026 #반응짤 #감정 #펭귄 #파란배경 #허무 #명언
66,Ronaldo Chocolate Milk,#2026,#유명인 #틱톡,#초콜릿우유 #축구선수 #근육,#2026 #유명인 #틱톡 #초콜릿우유 #축구선수 #근육
67,Skyrim Skeleton,#2026,#게임 #틱톡,#해골 #게임 #스카이림 #모험,#2026 #게임 #틱톡 #해골 #게임 #스카이림 #모험
68,McDonald's CEO Burger,#2026,#영상 #틱톡,#햄버거 #맥도날드 #CEO #신메뉴,#2026 #영상 #틱톡 #햄버거 #맥도날드 #CEO #신메뉴
69,Homer Dropped His Donut,#2026,#사운드 #틱톡,#도넛떨어뜨림 #심슨 #노란캐릭터 #분홍도넛,#2026 #사운드 #틱톡 #도넛떨어뜨림 #심슨 #노란캐릭터 #분홍도넛
70,Stranger Things Mewing,#2026,#반응짤 #드라마,#넷플릭스 #턱선 #조용히,#2026 #반응짤 #드라마 #넷플릭스 #턱선 #조용히
71,Bad Bunny Super Bowl,#2026,#음악 #스포츠,#슈퍼볼 #하프타임 #라틴팝,#2026 #음악 #스포츠 #슈퍼볼 #하프타임 #라틴팝
72,It's Over 9000,#고전 #스테디,#유행어,#드래곤볼 #스카우터부수기 #베지터 #전투력측정,#고전 #스테디 #유행어 #드래곤볼 #스카우터부수기 #베지터 #전투력측정
73,Harambe,#고전 #스테디,#동물,#고릴라 #동물원 #추모 #검은털,#고전 #스테디 #동물 #고릴라 #동물원 #추모 #검은털
74,Press F to Pay Respects,#고전 #스테디,#게임,#장례식 #게임화면 #F키 #경의,#고전 #스테디 #게임 #장례식 #게임화면 #F키 #경의
75,Karen,#고전 #스테디,#캐릭터,#단발머리 #항의 #매니저찾기 #사이드컷,#고전 #스테디 #캐릭터 #단발머리 #항의 #매니저찾기 #사이드컷
76,Ancient Aliens Guy,#고전 #스테디,#반응짤,#부스스머리 #갈색양복 #외계인 #손벌리기,#고전 #스테디 #반응짤 #부스스머리 #갈색양복 #외계인 #손벌리기
77,Y U NO,#고전 #스테디,#반응짤,#막대기몸 #화난얼굴 #팔벌리기 #낙서,#고전 #스테디 #반응짤 #막대기몸 #화난얼굴 #팔벌리기 #낙서
78,Futurama Fry,#고전 #스테디,#포맷,#실눈 #주황머리 #빨간자켓 #의심,#고전 #스테디 #포맷 #실눈 #주황머리 #빨간자켓 #의심
79,I Can Has Cheezburger,#고전 #스테디,#동물,#회색고양이 #치즈버거 #입벌림 #옛날짤,#고전 #스테디 #동물 #회색고양이 #치즈버거 #입벌림 #옛날짤
80,Rage Comics,#고전 #스테디,#포맷,#낙서만화 #분노얼굴 #FFFUUU #웹코믹,#고전 #스테디 #포맷 #낙서만화 #분노얼굴 #FFFUUU #웹코믹
81,The Game,#고전 #스테디,#유행어,#게임 #생각하면짐 #머릿속,#고전 #스테디 #유행어 #게임 #생각하면짐 #머릿속
82,Chloe Side Eye,#고전 #스테디,#반응짤,#곁눈질 #차안 #여자아이 #떨떠름 #디즈니랜드,#고전 #스테디 #반응짤 #곁눈질 #차안 #여자아이 #떨떠름 #디즈니랜드
83,Keyboard Cat,#고전 #스테디,#동물,#피아노 #파란셔츠 #고양이연주 #퇴장음악,#고전 #스테디 #동물 #피아노 #파란셔츠 #고양이연주 #퇴장음악
84,Salt Bae,#고전 #스테디,#유명인,#소금뿌리기 #선글라스 #팔꿈치 #셰프 #흰티,#고전 #스테디 #유명인 #소금뿌리기 #선글라스 #팔꿈치 #셰프 #흰티
85,Crying Jordan,#고전 #스테디,#스포츠,#눈물얼굴 #농구선수 #합성 #패배,#고전 #스테디 #스포츠 #눈물얼굴 #농구선수 #합성 #패배
86,Arthur Fist,#고전 #스테디,#반응짤,#꽉쥔주먹 #노란스웨터 #안경 #참기,#고전 #스테디 #반응짤 #꽉쥔주먹 #노란스웨터 #안경 #참기
87,Tuxedo Winnie the Pooh,#고전 #스테디,#포맷,#턱시도 #곰돌이푸 #노란곰 #고급진표정,#고전 #스테디 #포맷 #턱시도 #곰돌이푸 #노란곰 #고급진표정
88,Bernie Mittens,#고전 #스테디,#합성,#벙어리장갑 #접이식의자 #갈색패딩 #팔짱 #취임식,#고전 #스테디 #합성 #벙어리장갑 #접이식의자 #갈색패딩 #팔짱 #취임식
89,Grimace Shake,#고전 #스테디,#영상,#보라색 #밀크셰이크 #맥도날드 #쓰러지기,#고전 #스테디 #영상 #보라색 #밀크셰이크 #맥도날드 #쓰러지기
90,Girl Dinner,#고전 #스테디,#음식,#간식접시 #치즈 #크래커 #소식 #한상,#고전 #스테디 #음식 #간식접시 #치즈 #크래커 #소식 #한상
91,Barbenheimer,#고전 #스테디,#포맷,#분홍 #폭발 #영화동시개봉 #바비 #오펜하이머,#고전 #스테디 #포맷 #분홍 #폭발 #영화동시개봉 #바비 #오펜하이머
92,Ohio,#고전 #스테디,#GenAlpha,#오하이오 #기괴함 #미국지도,#고전 #스테디 #GenAlpha #오하이오 #기괴함 #미국지도
93,Gyatt,#고전 #스테디,#GenAlpha,#감탄사 #엉덩이 #과장반응,#고전 #스테디 #GenAlpha #감탄사 #엉덩이 #과장반응
94,Fanum Tax,#고전 #스테디,#GenAlpha,#음식뺏기 #피자한입 #스트리머 #세금,#고전 #스테디 #GenAlpha #음식뺏기 #피자한입 #스트리머 #세금
95,Mewing,#고전 #스테디,#GenAlpha,#턱선 #혀입천장 #조용히제스처 #셀프관리,#고전 #스테디 #GenAlpha #턱선 #혀입천장 #조용히제스처 #셀프관리
96,Chill Guy,#고전 #스테디,#캐릭터,#갈색개 #회색맨투맨 #청바지 #빨간신발 #뒷짐 #무심,#고전 #스테디 #캐릭터 #갈색개 #회색맨투맨 #청바지 #빨간신발 #뒷짐 #무심
97,Just Put the Fries in the Bag,#고전 #스테디,#유행어,#감자튀김 #종이봉지 #드라이브스루 #변명그만,#고전 #스테디 #유행어 #감자튀김 #종이봉지 #드라이브스루 #변명그만
98,Delulu,#고전 #스테디,#유행어,#망상 #핑크빛 #긍정회로,#고전 #스테디 #유행어 #망상 #핑크빛 #긍정회로
99,It's Corn,#고전 #스테디,#영상,#옥수수 #소년인터뷰 #노란옥수수 #찬양,#고전 #스테디 #영상 #옥수수 #소년인터뷰 #노란옥수수 #찬양
100,Rizz,#고전 #스테디,#유행어,#매력 #작업멘트 #윙크,#고전 #스테디 #유행어 #매력 #작업멘트 #윙크
101,Left Exit 12 Off Ramp,#고전 #스테디,#포맷,#고속도로 #출구표지판 #급핸들 #흰트럭 #드리프트,#고전 #스테디 #포맷 #고속도로 #출구표지판 #급핸들 #흰트럭 #드리프트
102,UNO Draw 25 Cards,#고전 #스테디,#포맷,#우노카드 #카드게임 #빨간카드 #25장 #고집,#고전 #스테디 #포맷 #우노카드 #카드게임 #빨간카드 #25장 #고집
103,Running Away Balloon,#고전 #스테디,#포맷,#노란풍선 #회색인간 #분홍인간 #붙잡기 #놓침,#고전 #스테디 #포맷 #노란풍선 #회색인간 #분홍인간 #붙잡기 #놓침
104,Boardroom Meeting Suggestion,#고전 #스테디,#포맷,#회의실 #창밖던지기 #정장 #화이트보드,#고전 #스테디 #포맷 #회의실 #창밖던지기 #정장 #화이트보드
105,X X Everywhere,#고전 #스테디,#포맷,#버즈라이트이어 #우디 #우주복 #어깨동무 #토이스토리,#고전 #스테디 #포맷 #버즈라이트이어 #우디 #우주복 #어깨동무 #토이스토리
106,Epic Handshake,#고전 #스테디,#포맷,#팔뚝악수 #근육팔 #맞잡기 #프레데터,#고전 #스테디 #포맷 #팔뚝악수 #근육팔 #맞잡기 #프레데터
107,Sad Pablo Escobar,#고전 #스테디,#반응짤,#혼자서있기 #기다림 #수영장가 #그네 #쓸쓸함,#고전 #스테디 #반응짤 #혼자서있기 #기다림 #수영장가 #그네 #쓸쓸함
108,Inhaling Seagull,#고전 #스테디,#반응짤,#갈매기 #흰새 #고개들기 #숨들이쉬기 #절규직전,#고전 #스테디 #반응짤 #갈매기 #흰새 #고개들기 #숨들이쉬기 #절규직전
109,The Scroll Of Truth,#고전 #스테디,#포맷,#두루마리 #탐험가모자 #동굴 #던지기 #싫어,#고전 #스테디 #포맷 #두루마리 #탐험가모자 #동굴 #던지기 #싫어
110,Monkey Puppet,#고전 #스테디,#반응짤,#원숭이인형 #곁눈질 #입다뭄 #뜨끔 #일본인형극,#고전 #스테디 #반응짤 #원숭이인형 #곁눈질 #입다뭄 #뜨끔 #일본인형극
111,The Rock Driving,#고전 #스테디,#반응짤,#운전석 #백미러 #홱돌아보기 #놀란눈 #근육남,#고전 #스테디 #반응짤 #운전석 #백미러 #홱돌아보기 #놀란눈 #근육남
112,Y'all Got Any More Of That,#고전 #스테디,#반응짤,#볼긁기 #후드티 #갈망 #떨림,#고전 #스테디 #반응짤 #볼긁기 #후드티 #갈망 #떨림
113,Marked Safe From,#고전 #스테디,#포맷,#페이스북알림 #파란체크 #안전확인,#고전 #스테디 #포맷 #페이스북알림 #파란체크 #안전확인
114,The Most Interesting Man In The World,#고전 #스테디,#포맷,#맥주병 #수염신사 #건배 #바 #광고,#고전 #스테디 #포맷 #맥주병 #수염신사 #건배 #바 #광고
115,Oprah You Get A,#고전 #스테디,#포맷,#소리치기 #관객석 #손가락질 #나눠주기 #토크쇼,#고전 #스테디 #포맷 #소리치기 #관객석 #손가락질 #나눠주기 #토크쇼
116,Third World Skeptical Kid,#고전 #스테디,#반응짤,#눈썹치켜올림 #의심표정 #아프리카소년 #흰옷여자,#고전 #스테디 #반응짤 #눈썹치켜올림 #의심표정 #아프리카소년 #흰옷여자
117,American Chopper Argument,#고전 #스테디,#포맷,#삿대질 #고함 #오토바이정비소 #아빠와아들 #5컷,#고전 #스테디 #포맷 #삿대질 #고함 #오토바이정비소 #아빠와아들 #5컷
118,They're The Same Picture,#고전 #스테디,#포맷,#두장의사진 #비교 #사무실책상 #팸 #더오피스,#고전 #스테디 #포맷 #두장의사진 #비교 #사무실책상 #팸 #더오피스
119,I Bet He's Thinking About Other Women,#고전 #스테디,#포맷,#침대커플 #등돌린남자 #생각풍선 #엉뚱한고민,#고전 #스테디 #포맷 #침대커플 #등돌린남자 #생각풍선 #엉뚱한고민
120,First World Problems,#고전 #스테디,#반응짤,#우는여자 #눈물 #손으로얼굴 #배부른고민,#고전 #스테디 #반응짤 #우는여자 #눈물 #손으로얼굴 #배부른고민
121,Trump Bill Signing,#고전 #스테디,#포맷,#서명문서 #들어보이기 #검은가죽폴더 #기자회견,#고전 #스테디 #포맷 #서명문서 #들어보이기 #검은가죽폴더 #기자회견
122,This Is Where I'd Put My Trophy If I Had One,#고전 #스테디,#포맷,#빈진열장 #가리키기 #패어리페어런츠 #트로피없음,#고전 #스테디 #포맷 #빈진열장 #가리키기 #패어리페어런츠 #트로피없음
123,Unsettled Tom,#고전 #스테디,#반응짤,#톰과제리 #억지미소 #곁눈질 #회색고양이 #불안,#고전 #스테디 #반응짤 #톰과제리 #억지미소 #곁눈질 #회색고양이 #불안
124,Anakin Padme 4 Panel,#고전 #스테디,#포맷,#꽃밭 #소풍 #웃는여자 #굳은표정 #4컷 #스타워즈,#고전 #스테디 #포맷 #꽃밭 #소풍 #웃는여자 #굳은표정 #4컷 #스타워즈
125,Star Wars Yoda,#고전 #스테디,#포맷,#초록외계인 #큰귀 #지팡이 #도치어법,#고전 #스테디 #포맷 #초록외계인 #큰귀 #지팡이 #도치어법
126,Bike Fall,#고전 #스테디,#포맷,#자전거 #막대기꽂기 #넘어지기 #3컷 #자업자득,#고전 #스테디 #포맷 #자전거 #막대기꽂기 #넘어지기 #3컷 #자업자득
127,Who Killed Hannibal,#고전 #스테디,#포맷,#총쏘기 #연기 #토크쇼세트 #시치미 #에릭안드레,#고전 #스테디 #포맷 #총쏘기 #연기 #토크쇼세트 #시치미 #에릭안드레
128,That Would Be Great,#고전 #스테디,#포맷,#커피잔 #안경 #멜빵 #상사 #칸막이사무실,#고전 #스테디 #포맷 #커피잔 #안경 #멜빵 #상사 #칸막이사무실
129,Brace Yourselves X Is Coming,#고전 #스테디,#포맷,#장검 #모피망토 #수염 #겨울이온다 #왕좌의게임,#고전 #스테디 #포맷 #장검 #모피망토 #수염 #겨울이온다 #왕좌의게임
130,Spongebob Ight Imma Head Out,#고전 #스테디,#반응짤,#의자에서일어나기 #스폰지밥 #지친표정 #이만간다,#고전 #스테디 #반응짤 #의자에서일어나기 #스폰지밥 #지친표정 #이만간다
131,Clown Applying Makeup,#고전 #스테디,#포맷,#광대분장 #빨간코 #가발 #화장단계 #4컷,#고전 #스테디 #포맷 #광대분장 #빨간코 #가발 #화장단계 #4컷
132,But That's None Of My Business,#고전 #스테디,#반응짤,#케르밋 #립톤홍차 #홀짝 #창가 #능청,#고전 #스테디 #반응짤 #케르밋 #립톤홍차 #홀짝 #창가 #능청
133,Creepy Condescending Wonka,#고전 #스테디,#반응짤,#보라모자 #보라자켓 #턱괴기 #능글미소 #초콜릿공장,#고전 #스테디 #반응짤 #보라모자 #보라자켓 #턱괴기 #능글미소 #초콜릿공장
134,X All The Y,#고전 #스테디,#포맷,#막대인간 #주먹치켜들기 #낙서체 #외침,#고전 #스테디 #포맷 #막대인간 #주먹치켜들기 #낙서체 #외침
135,Don't You Squidward,#고전 #스테디,#반응짤,#창문엿보기 #징징이 #부러움 #스폰지밥,#고전 #스테디 #반응짤 #창문엿보기 #징징이 #부러움 #스폰지밥
136,Laughing Leo,#고전 #스테디,#반응짤,#잔들고웃기 #가운 #폭소 #디카프리오 #장고,#고전 #스테디 #반응짤 #잔들고웃기 #가운 #폭소 #디카프리오 #장고
137,Sleeping Shaq,#고전 #스테디,#반응짤,#자는얼굴 #번쩍눈뜸 #2컷 #농구선수 #무관심관심,#고전 #스테디 #반응짤 #자는얼굴 #번쩍눈뜸 #2컷 #농구선수 #무관심관심
138,Captain Picard Facepalm,#고전 #스테디,#반응짤,#이마짚기 #대머리 #빨간유니폼 #한숨 #스타트렉,#고전 #스테디 #반응짤 #이마짚기 #대머리 #빨간유니폼 #한숨 #스타트렉
139,Philosoraptor,#고전 #스테디,#포맷,#초록공룡 #랩터 #발톱턱괴기 #사색,#고전 #스테디 #포맷 #초록공룡 #랩터 #발톱턱괴기 #사색
140,Matrix Morpheus,#고전 #스테디,#포맷,#둥근선글라스 #가죽코트 #대머리 #빨간약파란약,#고전 #스테디 #포맷 #둥근선글라스 #가죽코트 #대머리 #빨간약파란약
141,Evil Toddler,#고전 #스테디,#반응짤,#아기음흉미소 #주먹 #계략 #모래놀이,#고전 #스테디 #반응짤 #아기음흉미소 #주먹 #계략 #모래놀이
142,Megamind Peeking,#고전 #스테디,#반응짤,#파란얼굴 #큰대머리 #빼꼼 #문틈 #조롱,#고전 #스테디 #반응짤 #파란얼굴 #큰대머리 #빼꼼 #문틈 #조롱
143,Third World Success Kid,#고전 #스테디,#반응짤,#아프리카아이 #웃는얼굴 #반어,#고전 #스테디 #반응짤 #아프리카아이 #웃는얼굴 #반어
144,Y U No,#고전 #스테디,#반응짤,#막대기몸 #찡그린얼굴 #팔뻗기 #항의,#고전 #스테디 #반응짤 #막대기몸 #찡그린얼굴 #팔뻗기 #항의
145,Black Girl Wat,#고전 #스테디,#반응짤,#어리둥절 #찡그림 #할머니안경 #뭐라고,#고전 #스테디 #반응짤 #어리둥절 #찡그림 #할머니안경 #뭐라고
146,Grandma Finds The Internet,#고전 #스테디,#반응짤,#할머니 #옛날컴퓨터 #브라운관모니터 #놀란표정,#고전 #스테디 #반응짤 #할머니 #옛날컴퓨터 #브라운관모니터 #놀란표정
147,Finding Neverland,#고전 #스테디,#반응짤,#소파 #울음 #위로 #조니뎁 #아이,#고전 #스테디 #반응짤 #소파 #울음 #위로 #조니뎁 #아이
148,Spider-Man Pointing,#고전 #스테디,#포맷,#스파이더맨둘 #서로가리키기 #빨간슈트 #판박이,#고전 #스테디 #포맷 #스파이더맨둘 #서로가리키기 #빨간슈트 #판박이
149,Where Monkey,#고전 #스테디,#반응짤,#원숭이 #두리번 #찾기,#고전 #스테디 #반응짤 #원숭이 #두리번 #찾기
150,I Should Buy A Boat Cat,#고전 #스테디,#반응짤,#고양이 #신문읽기 #식탁 #보트 #진지,#고전 #스테디 #반응짤 #고양이 #신문읽기 #식탁 #보트 #진지
151,Jack Sparrow Being Chased,#고전 #스테디,#포맷,#해적 #도망달리기 #원주민추격 #정글,#고전 #스테디 #포맷 #해적 #도망달리기 #원주민추격 #정글
152,Sparta Leonidas,#고전 #스테디,#포맷,#발차기 #우물 #투구 #망토 #함성,#고전 #스테디 #포맷 #발차기 #우물 #투구 #망토 #함성
153,See Nobody Cares,#고전 #스테디,#반응짤,#쥬라기공원 #모자 #아무도신경안씀,#고전 #스테디 #반응짤 #쥬라기공원 #모자 #아무도신경안씀
154,Maury Lie Detector,#고전 #스테디,#포맷,#토크쇼 #거짓말탐지기 #판정카드 #관객,#고전 #스테디 #포맷 #토크쇼 #거짓말탐지기 #판정카드 #관객
155,Pawn Stars Best I Can Do,#고전 #스테디,#포맷,#전당포 #카운터 #흥정 #헐값,#고전 #스테디 #포맷 #전당포 #카운터 #흥정 #헐값
156,Three-Headed Dragon,#고전 #스테디,#포맷,#머리셋용 #킹기도라 #세갈래 #한몸,#고전 #스테디 #포맷 #머리셋용 #킹기도라 #세갈래 #한몸
157,Laughing Men In Suits,#고전 #스테디,#반응짤,#정장단체 #폭소 #회의탁자 #비웃음,#고전 #스테디 #반응짤 #정장단체 #폭소 #회의탁자 #비웃음
158,Yo Dawg,#고전 #스테디,#포맷,#선글라스 #모자 #래퍼 #활짝웃음 #재귀,#고전 #스테디 #포맷 #선글라스 #모자 #래퍼 #활짝웃음 #재귀
159,Too Damn High,#고전 #스테디,#포맷,#콧수염 #장갑 #외침 #정치인 #임대료,#고전 #스테디 #포맷 #콧수염 #장갑 #외침 #정치인 #임대료
160,10 Guy,#고전 #스테디,#반응짤,#풀린눈 #몽롱 #반쯤감긴눈 #취함,#고전 #스테디 #반응짤 #풀린눈 #몽롱 #반쯤감긴눈 #취함
161,Mother Ignoring Kid Drowning In A Pool,#고전 #스테디,#포맷,#수영장 #물에빠진아이 #무시하는엄마 #라벨,#고전 #스테디 #포맷 #수영장 #물에빠진아이 #무시하는엄마 #라벨
162,Flex Tape,#고전 #스테디,#포맷,#은색테이프 #물탱크 #물새는곳 #모자아저씨 #광고,#고전 #스테디 #포맷 #은색테이프 #물탱크 #물새는곳 #모자아저씨 #광고
163,Dr Evil Laser,#고전 #스테디,#포맷,#새끼손가락입가 #대머리 #회색정장 #따옴표손가락,#고전 #스테디 #포맷 #새끼손가락입가 #대머리 #회색정장 #따옴표손가락
164,Imagination Spongebob,#고전 #스테디,#반응짤,#무지개손 #스폰지밥 #상상 #반짝임,#고전 #스테디 #반응짤 #무지개손 #스폰지밥 #상상 #반짝임
165,Disappointed Black Guy,#고전 #스테디,#반응짤,#기대얼굴 #실망얼굴 #2컷 #고개돌림,#고전 #스테디 #반응짤 #기대얼굴 #실망얼굴 #2컷 #고개돌림
166,Am I The Only One Around Here,#고전 #스테디,#포맷,#총겨누기 #조끼 #선글라스 #볼링 #흥분,#고전 #스테디 #포맷 #총겨누기 #조끼 #선글라스 #볼링 #흥분
167,Types Of Headaches,#고전 #스테디,#포맷,#두통도표 #머리단면 #빨간부위 #의학그림,#고전 #스테디 #포맷 #두통도표 #머리단면 #빨간부위 #의학그림
168,You Guys Are Getting Paid,#고전 #스테디,#포맷,#놀란표정 #월급 #4인승합차,#고전 #스테디 #포맷 #놀란표정 #월급 #4인승합차
169,Put It Somewhere Else Patrick,#고전 #스테디,#포맷,#불가사리 #떠밀기 #스폰지밥 #고집,#고전 #스테디 #포맷 #불가사리 #떠밀기 #스폰지밥 #고집
170,Face You Make Robert Downey Jr,#고전 #스테디,#반응짤,#뜨악 #곁눈질 #수염 #어이없음,#고전 #스테디 #반응짤 #뜨악 #곁눈질 #수염 #어이없음
171,A Train Hitting A School Bus,#고전 #스테디,#포맷,#기차충돌 #노란스쿨버스 #압도적 #건널목,#고전 #스테디 #포맷 #기차충돌 #노란스쿨버스 #압도적 #건널목
172,Squidward Window,#고전 #스테디,#반응짤,#창밖내다보기 #징징이 #쓸쓸 #블라인드,#고전 #스테디 #반응짤 #창밖내다보기 #징징이 #쓸쓸 #블라인드
173,Bernie I Am Once Again Asking,#고전 #스테디,#포맷,#갈색패딩 #모금영상 #부탁 #할아버지,#고전 #스테디 #포맷 #갈색패딩 #모금영상 #부탁 #할아버지
174,Be Like Bill,#고전 #스테디,#포맷,#막대인간 #비니모자 #낙서 #훈수,#고전 #스테디 #포맷 #막대인간 #비니모자 #낙서 #훈수
175,Bad Pun Dog,#고전 #스테디,#포맷,#능글개 #말장난 #씩웃음 #골든리트리버,#고전 #스테디 #포맷 #능글개 #말장난 #씩웃음 #골든리트리버
176,Mugatu So Hot Right Now,#고전 #스테디,#포맷,#은발 #괴상한패션 #디자이너 #주랜더,#고전 #스테디 #포맷 #은발 #괴상한패션 #디자이너 #주랜더
177,Grant Gustin Over Grave,#고전 #스테디,#포맷,#무덤앞 #브이포즈 #묘비 #장난스러움,#고전 #스테디 #포맷 #무덤앞 #브이포즈 #묘비 #장난스러움
178,Confused Gandalf,#고전 #스테디,#반응짤,#흰수염마법사 #회색모자 #어리둥절 #지팡이,#고전 #스테디 #반응짤 #흰수염마법사 #회색모자 #어리둥절 #지팡이
179,What Do We Want,#고전 #스테디,#포맷,#시위피켓 #구호 #군중 #언제,#고전 #스테디 #포맷 #시위피켓 #구호 #군중 #언제
180,Say That Again I Dare You,#고전 #스테디,#반응짤,#총겨누기 #아프로머리 #햄버거 #펄프픽션,#고전 #스테디 #반응짤 #총겨누기 #아프로머리 #햄버거 #펄프픽션
181,Simba Shadowy Place,#고전 #스테디,#포맷,#사자바위 #그림자땅 #부자사자 #금지구역,#고전 #스테디 #포맷 #사자바위 #그림자땅 #부자사자 #금지구역
182,Conspiracy Keanu,#고전 #스테디,#포맷,#장발 #놀란얼굴 #어두운배경 #만약에,#고전 #스테디 #포맷 #장발 #놀란얼굴 #어두운배경 #만약에
183,Pepperidge Farm Remembers,#고전 #스테디,#포맷,#금붕어크래커 #회상 #옛날 #패밀리가이,#고전 #스테디 #포맷 #금붕어크래커 #회상 #옛날 #패밀리가이
184,Buddy Christ,#고전 #스테디,#반응짤,#엄지척 #윙크 #예수상 #활짝미소,#고전 #스테디 #반응짤 #엄지척 #윙크 #예수상 #활짝미소
185,Good Fellas Hilarious,#고전 #스테디,#포맷,#식당웃음 #갱스터 #양복 #웃기다고,#고전 #스테디 #포맷 #식당웃음 #갱스터 #양복 #웃기다고
186,Squidward Dab,#고전 #스테디,#반응짤,#의자앉기 #시큰둥 #징징이 #무기력,#고전 #스테디 #반응짤 #의자앉기 #시큰둥 #징징이 #무기력
187,I'm The Captain Now,#고전 #스테디,#포맷,#해적 #조타실 #총 #선장선언,#고전 #스테디 #포맷 #해적 #조타실 #총 #선장선언
188,And Everybody Loses Their Minds,#고전 #스테디,#포맷,#조커 #광대분장 #초록머리 #보라정장,#고전 #스테디 #포맷 #조커 #광대분장 #초록머리 #보라정장
189,Marvel Civil War,#고전 #스테디,#포맷,#히어로대치 #두편 #공항 #마블,#고전 #스테디 #포맷 #히어로대치 #두편 #공항 #마블
190,Charlie Conspiracy,#고전 #스테디,#포맷,#실뭉치보드 #담배 #열변 #서류벽,#고전 #스테디 #포맷 #실뭉치보드 #담배 #열변 #서류벽
191,Gus Fring We Are Not The Same,#고전 #스테디,#포맷,#안경 #노란셔츠 #무표정 #브레이킹배드,#고전 #스테디 #포맷 #안경 #노란셔츠 #무표정 #브레이킹배드
192,Friendship Ended,#고전 #스테디,#포맷,#합성사진 #엑스표 #두남자 #새절친,#고전 #스테디 #포맷 #합성사진 #엑스표 #두남자 #새절친
193,Afraid To Ask Andy,#고전 #스테디,#포맷,#곱슬머리 #스웨터 #고민얼굴 #물어보기무서움,#고전 #스테디 #포맷 #곱슬머리 #스웨터 #고민얼굴 #물어보기무서움
194,Ain't Nobody Got Time For That,#고전 #스테디,#영상,#두건 #인터뷰 #아주머니 #손사래,#고전 #스테디 #영상 #두건 #인터뷰 #아주머니 #손사래
195,Bell Curve,#고전 #스테디,#포맷,#종형곡선 #그래프 #후드좌우 #가운데울상,#고전 #스테디 #포맷 #종형곡선 #그래프 #후드좌우 #가운데울상
196,Domino Effect,#고전 #스테디,#포맷,#도미노 #작은것부터 #연쇄붕괴 #크기순,#고전 #스테디 #포맷 #도미노 #작은것부터 #연쇄붕괴 #크기순
197,Two Guys On A Bus,#고전 #스테디,#포맷,#버스좌석 #창밖풍경 #암벽 #대비,#고전 #스테디 #포맷 #버스좌석 #창밖풍경 #암벽 #대비
198,Two Paths,#고전 #스테디,#포맷,#갈림길 #빛나는길 #기괴한길 #선택,#고전 #스테디 #포맷 #갈림길 #빛나는길 #기괴한길 #선택
199,Car Salesman Slaps Roof,#고전 #스테디,#포맷,#차지붕치기 #판매원 #양복 #허풍,#고전 #스테디 #포맷 #차지붕치기 #판매원 #양복 #허풍
200,Scooby Doo Mask Reveal,#고전 #스테디,#포맷,#가면벗기기 #정체폭로 #미스터리머신 #범인,#고전 #스테디 #포맷 #가면벗기기 #정체폭로 #미스터리머신 #범인
201,Soyboy Vs Yes Chad,#고전 #스테디,#포맷,#입벌린안경남 #금발수염남 #대비 #워잭,#고전 #스테디 #포맷 #입벌린안경남 #금발수염남 #대비 #워잭
202,Scumbag Steve,#고전 #스테디,#반응짤,#삐딱모자 #문간 #갈색모자 #뻔뻔,#고전 #스테디 #반응짤 #삐딱모자 #문간 #갈색모자 #뻔뻔
203,Star Wars No,#고전 #스테디,#반응짤,#다스베이더 #검은헬멧 #절규 #안돼,#고전 #스테디 #반응짤 #다스베이더 #검은헬멧 #절규 #안돼
204,Mr McMahon Reaction,#고전 #스테디,#반응짤,#점점흥분 #4단계 #정장 #코벌렁,#고전 #스테디 #반응짤 #점점흥분 #4단계 #정장 #코벌렁
205,Empty Stonks,#고전 #스테디,#반응짤,#텅빈그래프 #3D얼굴 #허탈,#고전 #스테디 #반응짤 #텅빈그래프 #3D얼굴 #허탈
206,Absolute Cinema,#고전 #스테디,#포맷,#흑백사진 #양팔들기 #안경할아버지 #감탄,#고전 #스테디 #포맷 #흑백사진 #양팔들기 #안경할아버지 #감탄
207,Jackie Chan WTF,#고전 #스테디,#반응짤,#양팔벌리기 #혼란 #성룡 #브이표정,#고전 #스테디 #반응짤 #양팔벌리기 #혼란 #성룡 #브이표정
208,Grim Reaper Knocking,#고전 #스테디,#포맷,#저승사자 #낫 #문두드리기 #차례차례,#고전 #스테디 #포맷 #저승사자 #낫 #문두드리기 #차례차례
209,Will Smith Slapping Chris Rock,#고전 #스테디,#반응짤,#따귀 #시상식무대 #턱시도 #오스카,#고전 #스테디 #반응짤 #따귀 #시상식무대 #턱시도 #오스카
210,Two Guys On Computer Desk,#고전 #스테디,#반응짤,#책상위웅크림 #스파이더맨 #초조,#고전 #스테디 #반응짤 #책상위웅크림 #스파이더맨 #초조
211,Overly Attached Girlfriend,#고전 #스테디,#반응짤,#뚫어져라응시 #큰눈 #웃는여자 #집착,#고전 #스테디 #반응짤 #뚫어져라응시 #큰눈 #웃는여자 #집착
212,Here's Johnny,#고전 #스테디,#반응짤,#도끼 #부서진문 #얼굴들이밀기 #광기미소,#고전 #스테디 #반응짤 #도끼 #부서진문 #얼굴들이밀기 #광기미소
213,You Know I'm Something Of A Scientist Myself,#고전 #스테디,#포맷,#안경 #실험가운 #고블린배우 #자칭전문가,#고전 #스테디 #포맷 #안경 #실험가운 #고블린배우 #자칭전문가
214,Say The Line Bart,#고전 #스테디,#포맷,#교실 #심슨 #우울한바트 #환호,#고전 #스테디 #포맷 #교실 #심슨 #우울한바트 #환호
215,Obama Medal,#고전 #스테디,#포맷,#훈장수여 #자기자신 #거울합성 #대통령,#고전 #스테디 #포맷 #훈장수여 #자기자신 #거울합성 #대통령
216,The Office Congratulations,#고전 #스테디,#반응짤,#박수 #사무실 #반어축하,#고전 #스테디 #반응짤 #박수 #사무실 #반어축하
217,Sure Grandma Let's Get You To Bed,#고전 #스테디,#포맷,#할머니부축 #침대로 #무시 #심슨,#고전 #스테디 #포맷 #할머니부축 #침대로 #무시 #심슨
218,Lisa Simpson Presentation,#고전 #스테디,#포맷,#발표대 #프로젝터스크린 #강당 #주장,#고전 #스테디 #포맷 #발표대 #프로젝터스크린 #강당 #주장
219,Never Ask A Woman Her Age,#고전 #스테디,#포맷,#금기질문 #3연속 #나이연봉,#고전 #스테디 #포맷 #금기질문 #3연속 #나이연봉
220,Kevin Hart Reaction,#고전 #스테디,#반응짤,#찡그림 #눈크게 #손짓 #코미디언,#고전 #스테디 #반응짤 #찡그림 #눈크게 #손짓 #코미디언
221,Presidential Alert,#고전 #스테디,#포맷,#긴급재난문자 #휴대폰알림 #경보음,#고전 #스테디 #포맷 #긴급재난문자 #휴대폰알림 #경보음
222,Leonardo DiCaprio Wolf Of Wall Street,#고전 #스테디,#반응짤,#가슴치기 #함성 #마이크 #정장 #월가,#고전 #스테디 #반응짤 #가슴치기 #함성 #마이크 #정장 #월가
223,Peter Parker Cry,#고전 #스테디,#반응짤,#눈물 #우는남자 #토비맥과이어 #억울,#고전 #스테디 #반응짤 #눈물 #우는남자 #토비맥과이어 #억울
224,Liam Neeson Particular Set Of Skills,#고전 #스테디,#포맷,#전화통화 #어두운방 #협박 #특별한기술,#고전 #스테디 #포맷 #전화통화 #어두운방 #협박 #특별한기술
225,Peter Griffin News,#고전 #스테디,#포맷,#뉴스데스크 #안경뚱보 #패밀리가이 #속보,#고전 #스테디 #포맷 #뉴스데스크 #안경뚱보 #패밀리가이 #속보
226,Kermit Window Reflection,#고전 #스테디,#반응짤,#창가 #빗방울 #개구리 #상념,#고전 #스테디 #반응짤 #창가 #빗방울 #개구리 #상념
227,Sad Cat Thumbs Up,#고전 #스테디,#반응짤,#엄지척 #글썽글썽 #울먹임 #억지긍정,#고전 #스테디 #반응짤 #엄지척 #글썽글썽 #울먹임 #억지긍정
228,Elmo Fire,#고전 #스테디,#반응짤,#불길 #빨간인형 #양팔들기 #혼돈,#고전 #스테디 #반응짤 #불길 #빨간인형 #양팔들기 #혼돈
229,Squidward Sleeping,#고전 #스테디,#포맷,#몇시간후 #자막 #시간경과 #프랑스나레이션,#고전 #스테디 #포맷 #몇시간후 #자막 #시간경과 #프랑스나레이션
230,Soyjak,#고전 #스테디,#캐릭터,#입벌림 #수염 #안경 #흥분,#고전 #스테디 #캐릭터 #입벌림 #수염 #안경 #흥분
231,Yes Chad,#고전 #스테디,#캐릭터,#금발 #각진턱 #수염 #파란눈 #당당,#고전 #스테디 #캐릭터 #금발 #각진턱 #수염 #파란눈 #당당
232,Crying Wojak,#고전 #스테디,#감정,#이악물기 #눈물줄기 #대머리그림 #억울,#고전 #스테디 #감정 #이악물기 #눈물줄기 #대머리그림 #억울
233,Doomer,#고전 #스테디,#캐릭터,#검은후드 #담배 #다크서클 #밤거리,#고전 #스테디 #캐릭터 #검은후드 #담배 #다크서클 #밤거리
234,Chad,#고전 #스테디,#캐릭터,#턱선 #금발 #자신감,#고전 #스테디 #캐릭터 #턱선 #금발 #자신감
235,Virgin vs Chad,#고전 #스테디,#포맷,#비교그림 #구부정vs당당 #걸음걸이 #화살표설명,#고전 #스테디 #포맷 #비교그림 #구부정vs당당 #걸음걸이 #화살표설명
236,Chudjak,#고전 #스테디,#캐릭터,#찡그린얼굴 #분노 #워잭변형,#고전 #스테디 #캐릭터 #찡그린얼굴 #분노 #워잭변형
237,Crying Soyjak vs Mewing Jaw,#2024,#캐릭터 #포맷,#턱다이어그램 #혀위치 #우는얼굴 #대비,#2024 #캐릭터 #포맷 #턱다이어그램 #혀위치 #우는얼굴 #대비
238,Cap / No Cap,#고전 #스테디,#유행어,#모자 #거짓말 #진심 #🧢,#고전 #스테디 #유행어 #모자 #거짓말 #진심 #🧢
239,Bussin,#고전 #스테디,#유행어,#존맛 #음식감탄 #맛있음,#고전 #스테디 #유행어 #존맛 #음식감탄 #맛있음
240,Sus,#고전 #스테디,#유행어,#수상함 #의심 #어몽어스,#고전 #스테디 #유행어 #수상함 #의심 #어몽어스
241,Based,#고전 #스테디,#유행어,#소신발언 #당당 #팩트,#고전 #스테디 #유행어 #소신발언 #당당 #팩트
242,Cringe,#고전 #스테디,#유행어,#오글거림 #민망 #손발,#고전 #스테디 #유행어 #오글거림 #민망 #손발
243,Simp,#고전 #스테디,#유행어,#호구 #과잉헌신 #퍼주기,#고전 #스테디 #유행어 #호구 #과잉헌신 #퍼주기
244,Slay,#고전 #스테디,#유행어,#멋짐 #해냈다 #칭찬,#고전 #스테디 #유행어 #멋짐 #해냈다 #칭찬
245,It's Giving,#고전 #스테디,#유행어,#분위기 #느낌 #평가,#고전 #스테디 #유행어 #분위기 #느낌 #평가
246,Ate And Left No Crumbs,#고전 #스테디,#유행어,#완벽수행 #부스러기없음 #극찬,#고전 #스테디 #유행어 #완벽수행 #부스러기없음 #극찬
247,Mid,#고전 #스테디,#유행어,#평범 #그저그럼 #별로,#고전 #스테디 #유행어 #평범 #그저그럼 #별로
248,Ratio,#고전 #스테디,#유행어,#답글폭주 #트위터 #역전,#고전 #스테디 #유행어 #답글폭주 #트위터 #역전
249,Touch Grass,#고전 #스테디,#유행어,#잔디 #바깥공기 #현실복귀,#고전 #스테디 #유행어 #잔디 #바깥공기 #현실복귀
250,Ok Boomer,#고전 #스테디,#유행어,#꼰대 #세대차이 #일축,#고전 #스테디 #유행어 #꼰대 #세대차이 #일축
251,Living Rent Free,#고전 #스테디,#유행어,#머릿속월세 #계속생각남 #집착,#고전 #스테디 #유행어 #머릿속월세 #계속생각남 #집착
252,Vibe Check,#고전 #스테디,#유행어,#분위기점검 #불시검문,#고전 #스테디 #유행어 #분위기점검 #불시검문
253,Menace To Society,#고전 #스테디,#유행어,#말썽꾼 #사회악 #장난,#고전 #스테디 #유행어 #말썽꾼 #사회악 #장난
254,Cheugy,#고전 #스테디,#유행어,#한물감 #촌스러움 #밀레니얼,#고전 #스테디 #유행어 #한물감 #촌스러움 #밀레니얼
255,Girlboss,#고전 #스테디,#유행어,#커리어우먼 #당참 #반어,#고전 #스테디 #유행어 #커리어우먼 #당참 #반어
256,Gaslight Gatekeep Girlboss,#고전 #스테디,#유행어,#3G #유행어조합 #반어,#고전 #스테디 #유행어 #3G #유행어조합 #반어
257,Caught In 4K,#고전 #스테디,#유행어,#증거포착 #선명한증거 #카메라 #딱걸림,#고전 #스테디 #유행어 #증거포착 #선명한증거 #카메라 #딱걸림
258,Let Him Cook,#고전 #스테디,#유행어,#요리중 #방해금지 #지켜보기,#고전 #스테디 #유행어 #요리중 #방해금지 #지켜보기
259,The Ick,#고전 #스테디,#유행어,#정떨어짐 #급식음 #연애,#고전 #스테디 #유행어 #정떨어짐 #급식음 #연애
260,NPC,#고전 #스테디,#유행어,#게임행인 #기계적반응 #같은말반복,#고전 #스테디 #유행어 #게임행인 #기계적반응 #같은말반복
261,Canadian Kid Cat / IShowSpeed,#고전 #스테디,#크리에이터,#절규 #폭발리액션 #스트리머 #머리잡기,#고전 #스테디 #크리에이터 #절규 #폭발리액션 #스트리머 #머리잡기
262,Kai Cenat,#고전 #스테디,#크리에이터,#스트리머 #리액션 #트위치,#고전 #스테디 #크리에이터 #스트리머 #리액션 #트위치
263,Duolingo Owl,#고전 #스테디,#캐릭터,#초록부엉이 #앱알림 #협박 #언어공부,#고전 #스테디 #캐릭터 #초록부엉이 #앱알림 #협박 #언어공부
264,Girl Math,#2024,#유행어 #틱톡,#소비합리화 #쇼핑 #현금은공짜 #계산법,#2024 #유행어 #틱톡 #소비합리화 #쇼핑 #현금은공짜 #계산법
265,Roman Empire,#2024,#유행어 #틱톡,#로마병사 #투구 #얼마나자주생각,#2024 #유행어 #틱톡 #로마병사 #투구 #얼마나자주생각
266,Underconsumption Core,#2024,#라이프스타일 #틱톡,#절약 #다쓴화장품 #미니멀 #오래쓰기,#2024 #라이프스타일 #틱톡 #절약 #다쓴화장품 #미니멀 #오래쓰기
267,Moo Deng Pygmy Hippo,#2024,#동물 #틱톡,#아기하마 #분홍볼 #물장구 #반들반들,#2024 #동물 #틱톡 #아기하마 #분홍볼 #물장구 #반들반들
268,Pesto Penguin,#2024,#동물 #틱톡,#아기펭귄 #갈색솜털 #부모보다큼 #뒤뚱,#2024 #동물 #틱톡 #아기펭귄 #갈색솜털 #부모보다큼 #뒤뚱
269,Bombombini Gusini,#2025,#브레인롯 #AI,#거위 #폭격기 #날개 #AI캐릭터,#2025 #브레인롯 #AI #거위 #폭격기 #날개 #AI캐릭터
270,Trippi Troppi,#2025,#브레인롯 #AI,#초현실 #AI캐릭터 #리듬이름,#2025 #브레인롯 #AI #초현실 #AI캐릭터 #리듬이름
271,Boneca Ambalabu,#2025,#브레인롯 #AI,#타이어몸통 #개구리머리 #AI캐릭터,#2025 #브레인롯 #AI #타이어몸통 #개구리머리 #AI캐릭터
272,Tralalero Shark Nike,#2025,#브레인롯 #AI,#상어 #파란나이키 #세다리 #달리기,#2025 #브레인롯 #AI #상어 #파란나이키 #세다리 #달리기
273,Steal A Brainrot,#2025,#게임 #브레인롯,#로블록스 #훔치기게임 #수집 #브레인롯,#2025 #게임 #브레인롯 #로블록스 #훔치기게임 #수집 #브레인롯
274,Just Put The Fries In The Bag,#2025,#유행어 #틱톡,#감자튀김 #종이봉지 #드라이브스루 #됐고,#2025 #유행어 #틱톡 #감자튀김 #종이봉지 #드라이브스루 #됐고
275,Costco Guys,#2025,#크리에이터 #틱톡,#부자父子 #붐 #대형마트 #점수매기기,#2025 #크리에이터 #틱톡 #부자父子 #붐 #대형마트 #점수매기기
276,Baby Gronk,#2025,#유행어 #틱톡,#유소년미식축구 #헬멧 #리즈 #유망주,#2025 #유행어 #틱톡 #유소년미식축구 #헬멧 #리즈 #유망주
277,Sticking Out Your Gyat,#2025,#유행어 #GenAlpha,#랩가사 #슬랭모음 #리즐러,#2025 #유행어 #GenAlpha #랩가사 #슬랭모음 #리즐러
278,Confession Bear,#고전 #스테디,#포맷,#말레이곰 #통나무 #턱괴기 #고백,#고전 #스테디 #포맷 #말레이곰 #통나무 #턱괴기 #고백
279,Uncle Sam,#고전 #스테디,#포맷,#성조기모자 #흰수염 #손가락지목 #포스터,#고전 #스테디 #포맷 #성조기모자 #흰수염 #손가락지목 #포스터
280,Back In My Day,#고전 #스테디,#포맷,#할아버지 #흔들의자 #라떼는 #회상,#고전 #스테디 #포맷 #할아버지 #흔들의자 #라떼는 #회상
281,Bugs Bunny Communist,#고전 #스테디,#포맷,#회색토끼 #빨간배경 #낫과망치 #우리것,#고전 #스테디 #포맷 #회색토끼 #빨간배경 #낫과망치 #우리것
282,Shut Up And Take My Money,#고전 #스테디,#포맷,#지폐내밀기 #안경 #주황머리 #퓨처라마,#고전 #스테디 #포맷 #지폐내밀기 #안경 #주황머리 #퓨처라마
283,Soldier Protecting Sleeping Child,#고전 #스테디,#포맷,#군인 #자는아이 #총들고보호 #그림,#고전 #스테디 #포맷 #군인 #자는아이 #총들고보호 #그림
284,0 Days Without,#고전 #스테디,#포맷,#무사고게시판 #숫자0 #심슨 #공장,#고전 #스테디 #포맷 #무사고게시판 #숫자0 #심슨 #공장
285,AJ Styles And Undertaker,#고전 #스테디,#포맷,#레슬링링 #굳은표정 #마주침 #WWE,#고전 #스테디 #포맷 #레슬링링 #굳은표정 #마주침 #WWE
286,What Gives People Feelings Of Power,#고전 #스테디,#포맷,#막대그래프 #돈지위 #엉뚱한항목,#고전 #스테디 #포맷 #막대그래프 #돈지위 #엉뚱한항목
287,Spider-Man Triple Pointing,#고전 #스테디,#포맷,#스파이더맨셋 #삼자대면 #서로지목,#고전 #스테디 #포맷 #스파이더맨셋 #삼자대면 #서로지목
288,Scared Cat,#고전 #스테디,#반응짤,#겁먹은고양이 #동공확장 #뒷걸음,#고전 #스테디 #반응짤 #겁먹은고양이 #동공확장 #뒷걸음
289,Awkward Seal,#고전 #스테디,#반응짤,#물개 #뻘쭘 #민망,#고전 #스테디 #반응짤 #물개 #뻘쭘 #민망
290,Surprised Koala,#고전 #스테디,#반응짤,#코알라 #입벌림 #휘둥그레,#고전 #스테디 #반응짤 #코알라 #입벌림 #휘둥그레
291,Spongebob Burning Paper,#고전 #스테디,#포맷,#종이태우기 #벽난로 #증거인멸,#고전 #스테디 #포맷 #종이태우기 #벽난로 #증거인멸
292,Good Guy Greg,#고전 #스테디,#포맷,#담배문미소 #착한행동 #엄지,#고전 #스테디 #포맷 #담배문미소 #착한행동 #엄지
293,Scumbag Brain,#고전 #스테디,#포맷,#뇌그림 #삐딱모자 #배신하는뇌,#고전 #스테디 #포맷 #뇌그림 #삐딱모자 #배신하는뇌
294,Overly Manly Man,#고전 #스테디,#포맷,#콧수염 #흑백사진 #마초 #근성,#고전 #스테디 #포맷 #콧수염 #흑백사진 #마초 #근성
295,Ermahgerd Girl,#고전 #스테디,#반응짤,#교정기 #책들고흥분 #엉터리발음,#고전 #스테디 #반응짤 #교정기 #책들고흥분 #엉터리발음
296,Insanity Wolf,#고전 #스테디,#포맷,#흑백늑대 #포효 #극단조언,#고전 #스테디 #포맷 #흑백늑대 #포효 #극단조언
297,Courage Wolf,#고전 #스테디,#포맷,#늑대포효 #동기부여 #강렬,#고전 #스테디 #포맷 #늑대포효 #동기부여 #강렬
298,Actual Advice Mallard,#고전 #스테디,#포맷,#청둥오리 #초록머리 #꿀팁,#고전 #스테디 #포맷 #청둥오리 #초록머리 #꿀팁
299,Sudden Clarity Clarence,#고전 #스테디,#반응짤,#파티 #문득깨달음 #맥주컵,#고전 #스테디 #반응짤 #파티 #문득깨달음 #맥주컵
300,Socially Awkward Penguin,#고전 #스테디,#포맷,#펭귄 #파란배경 #뻘쭘,#고전 #스테디 #포맷 #펭귄 #파란배경 #뻘쭘
301,Socially Awesome Penguin,#고전 #스테디,#포맷,#펭귄 #빨간배경 #인싸,#고전 #스테디 #포맷 #펭귄 #빨간배경 #인싸
302,Business Cat,#고전 #스테디,#포맷,#넥타이고양이 #검은고양이 #사장님,#고전 #스테디 #포맷 #넥타이고양이 #검은고양이 #사장님
303,Grumpy Cat No,#고전 #스테디,#반응짤,#찌푸림 #단호거절 #노,#고전 #스테디 #반응짤 #찌푸림 #단호거절 #노
304,Nyan Cat Rainbow,#고전 #스테디,#GIF,#픽셀 #무지개 #팝타르트 #우주비행,#고전 #스테디 #GIF #픽셀 #무지개 #팝타르트 #우주비행
305,Pop Cat,#고전 #스테디,#반응짤,#입뻐끔 #흰고양이 #클릭,#고전 #스테디 #반응짤 #입뻐끔 #흰고양이 #클릭
306,Cat Vibing,#고전 #스테디,#GIF,#고개까딱 #리듬 #드럼비트 #이비자,#고전 #스테디 #GIF #고개까딱 #리듬 #드럼비트 #이비자
307,Bongo Cat,#고전 #스테디,#GIF,#북치는고양이 #그림고양이 #악기,#고전 #스테디 #GIF #북치는고양이 #그림고양이 #악기
308,Sad Frog Feels Bad Man,#고전 #스테디,#감정,#슬픈개구리 #처진눈 #울상,#고전 #스테디 #감정 #슬픈개구리 #처진눈 #울상
309,Smug Frog,#고전 #스테디,#감정,#능글개구리 #비웃음 #턱들기,#고전 #스테디 #감정 #능글개구리 #비웃음 #턱들기
310,Angry Pepe,#고전 #스테디,#감정,#분노개구리 #찡그림 #절규,#고전 #스테디 #감정 #분노개구리 #찡그림 #절규
311,Apu Apustaja,#고전 #스테디,#캐릭터,#어리숙개구리 #순수 #서툰그림,#고전 #스테디 #캐릭터 #어리숙개구리 #순수 #서툰그림
312,Poggers,#고전 #스테디,#유행어,#입벌림놀람 #환호 #트위치,#고전 #스테디 #유행어 #입벌림놀람 #환호 #트위치
313,Monkas,#고전 #스테디,#유행어,#식은땀 #긴장 #조마조마,#고전 #스테디 #유행어 #식은땀 #긴장 #조마조마
314,KEKW,#고전 #스테디,#유행어,#폭소얼굴 #박장대소 #트위치,#고전 #스테디 #유행어 #폭소얼굴 #박장대소 #트위치
315,OMEGALUL,#고전 #스테디,#유행어,#일그러진웃음 #대폭소 #트위치,#고전 #스테디 #유행어 #일그러진웃음 #대폭소 #트위치
316,Sadge,#고전 #스테디,#유행어,#시무룩 #아쉬움 #트위치,#고전 #스테디 #유행어 #시무룩 #아쉬움 #트위치
317,Copium,#고전 #스테디,#유행어,#산소마스크 #정신승리 #흡입,#고전 #스테디 #유행어 #산소마스크 #정신승리 #흡입
318,Hopium,#고전 #스테디,#유행어,#헛된희망 #버티기,#고전 #스테디 #유행어 #헛된희망 #버티기
319,Malding,#고전 #스테디,#유행어,#분노대머리 #빡침,#고전 #스테디 #유행어 #분노대머리 #빡침
320,Down Bad,#고전 #스테디,#유행어,#푹빠짐 #절박 #짝사랑,#고전 #스테디 #유행어 #푹빠짐 #절박 #짝사랑
321,Cook,#고전 #스테디,#유행어,#요리중 #잘나감 #성과,#고전 #스테디 #유행어 #요리중 #잘나감 #성과
322,Goated,#고전 #스테디,#유행어,#염소 #역대최고 #GOAT,#고전 #스테디 #유행어 #염소 #역대최고 #GOAT
323,W,#고전 #스테디,#유행어,#승리 #더블유 #잘함,#고전 #스테디 #유행어 #승리 #더블유 #잘함
324,Take The L,#고전 #스테디,#유행어,#패배 #엘 #인정,#고전 #스테디 #유행어 #패배 #엘 #인정
325,Yeet,#고전 #스테디,#유행어,#냅다던지기 #기합 #투척,#고전 #스테디 #유행어 #냅다던지기 #기합 #투척
326,Big Yikes,#고전 #스테디,#유행어,#아찔 #민망 #움찔,#고전 #스테디 #유행어 #아찔 #민망 #움찔
327,Sheesh,#고전 #스테디,#유행어,#감탄 #쉬이이 #대단,#고전 #스테디 #유행어 #감탄 #쉬이이 #대단
328,Patrick Bateman Staring,#고전 #스테디,#반응짤,#무표정응시 #정장 #헤드폰 #아메리칸사이코,#고전 #스테디 #반응짤 #무표정응시 #정장 #헤드폰 #아메리칸사이코
329,Tom And Jerry Point,#고전 #스테디,#포맷,#고양이와쥐 #나란히가리키기 #공동지목,#고전 #스테디 #포맷 #고양이와쥐 #나란히가리키기 #공동지목
330,SpongeBob Tired,#고전 #스테디,#반응짤,#축늘어짐 #다크서클 #번아웃,#고전 #스테디 #반응짤 #축늘어짐 #다크서클 #번아웃
331,Patrick Wallet,#고전 #스테디,#반응짤,#빈지갑 #불가사리 #돈없음,#고전 #스테디 #반응짤 #빈지갑 #불가사리 #돈없음
332,Handsome Squidward,#고전 #스테디,#반응짤,#조각턱 #미남변신 #쓰러지기,#고전 #스테디 #반응짤 #조각턱 #미남변신 #쓰러지기
333,Caveman Spongebob,#고전 #스테디,#반응짤,#원시인 #털옷 #멍한표정,#고전 #스테디 #반응짤 #원시인 #털옷 #멍한표정
334,Mr Krabs Blur,#고전 #스테디,#반응짤,#빙글빙글 #어지러움 #빨간게,#고전 #스테디 #반응짤 #빙글빙글 #어지러움 #빨간게
335,Patrick Not My Wallet,#고전 #스테디,#반응짤,#지갑실랑이 #억지논리 #불가사리,#고전 #스테디 #반응짤 #지갑실랑이 #억지논리 #불가사리
336,Is Mayonnaise An Instrument,#고전 #스테디,#포맷,#마요네즈 #밴드연습 #엉뚱질문,#고전 #스테디 #포맷 #마요네즈 #밴드연습 #엉뚱질문
337,Wojak Pointing,#고전 #스테디,#캐릭터,#단체손가락질 #흥분 #입벌림,#고전 #스테디 #캐릭터 #단체손가락질 #흥분 #입벌림
338,Coomer,#고전 #스테디,#캐릭터,#충혈눈 #수염 #중독,#고전 #스테디 #캐릭터 #충혈눈 #수염 #중독
339,Gloomer,#고전 #스테디,#캐릭터,#어두운방 #혼자 #우울,#고전 #스테디 #캐릭터 #어두운방 #혼자 #우울
340,Bloomer,#고전 #스테디,#캐릭터,#미소 #아침햇살 #희망,#고전 #스테디 #캐릭터 #미소 #아침햇살 #희망
341,Consoomer,#고전 #스테디,#캐릭터,#굿즈더미 #쇼핑백 #헤드셋,#고전 #스테디 #캐릭터 #굿즈더미 #쇼핑백 #헤드셋
342,Tradwife Wojak,#고전 #스테디,#캐릭터,#원피스 #금발그림 #전통역할,#고전 #스테디 #캐릭터 #원피스 #금발그림 #전통역할
343,Brainlet,#고전 #스테디,#캐릭터,#쪼그라든머리 #찌그러진얼굴 #멍청,#고전 #스테디 #캐릭터 #쪼그라든머리 #찌그러진얼굴 #멍청
344,Wojak Comics,#고전 #스테디,#포맷,#캐릭터대화 #컷만화 #대비구도,#고전 #스테디 #포맷 #캐릭터대화 #컷만화 #대비구도
345,Money Printer Go Brrr,#고전 #스테디,#포맷,#지폐인쇄기 #달러뿜기 #브르르 #연준,#고전 #스테디 #포맷 #지폐인쇄기 #달러뿜기 #브르르 #연준
346,Pink Wojak,#고전 #스테디,#감정,#분홍얼굴 #피눈물 #폭락 #비명,#고전 #스테디 #감정 #분홍얼굴 #피눈물 #폭락 #비명
347,I Know That Feel Bro,#고전 #스테디,#감정,#포옹 #두대머리 #위로,#고전 #스테디 #감정 #포옹 #두대머리 #위로
348,30-50 Feral Hogs,#고전 #스테디,#포맷,#멧돼지떼 #마당 #3050마리,#고전 #스테디 #포맷 #멧돼지떼 #마당 #3050마리
349,They Did Surgery On A Grape,#고전 #스테디,#포맷,#포도 #수술로봇 #집게 #봉합,#고전 #스테디 #포맷 #포도 #수술로봇 #집게 #봉합
350,How Do You Do Fellow Kids,#고전 #스테디,#포맷,#스케이트보드 #빨간모자 #어색한젊은척,#고전 #스테디 #포맷 #스케이트보드 #빨간모자 #어색한젊은척
351,This Is Bait,#고전 #스테디,#포맷,#미끼 #빨간화살표 #낚시경고,#고전 #스테디 #포맷 #미끼 #빨간화살표 #낚시경고
352,Task Failed Successfully,#고전 #스테디,#포맷,#윈도우오류창 #모순문구 #성공적실패,#고전 #스테디 #포맷 #윈도우오류창 #모순문구 #성공적실패
353,Modern Problems Require Modern Solutions,#고전 #스테디,#포맷,#씩웃음 #기발한해법 #셔펠쇼,#고전 #스테디 #포맷 #씩웃음 #기발한해법 #셔펠쇼
354,Stonks Guy,#고전 #스테디,#캐릭터,#3D정장맨 #밈맨 #매끈얼굴,#고전 #스테디 #캐릭터 #3D정장맨 #밈맨 #매끈얼굴
355,Not Stonks,#고전 #스테디,#반응짤,#하락그래프 #빨간화살표 #울상,#고전 #스테디 #반응짤 #하락그래프 #빨간화살표 #울상
356,HODL,#고전 #스테디,#유행어,#존버 #코인 #꽉쥐기,#고전 #스테디 #유행어 #존버 #코인 #꽉쥐기
357,Diamond Hands,#고전 #스테디,#유행어,#다이아몬드손 #존버 #게임스톱,#고전 #스테디 #유행어 #다이아몬드손 #존버 #게임스톱
358,To The Moon,#고전 #스테디,#유행어,#로켓 #달 #떡상 #🚀,#고전 #스테디 #유행어 #로켓 #달 #떡상 #🚀
359,Nobody Absolutely Nobody,#고전 #스테디,#포맷,#아무도 #텍스트포맷 #뜬금,#고전 #스테디 #포맷 #아무도 #텍스트포맷 #뜬금
360,Me Explaining To My Mom,#고전 #스테디,#포맷,#보드열변 #실뭉치 #엄마무표정,#고전 #스테디 #포맷 #보드열변 #실뭉치 #엄마무표정
361,Nobody Gonna Know,#고전 #스테디,#포맷,#아무도몰라 #속닥 #들킴직전,#고전 #스테디 #포맷 #아무도몰라 #속닥 #들킴직전
362,It Ain't Much But It's Honest Work,#고전 #스테디,#포맷,#농부 #밀짚모자? #밭 #소박한미소,#고전 #스테디 #포맷 #농부 #밀짚모자? #밭 #소박한미소
363,Corporate Needs You To Find The Differences,#고전 #스테디,#포맷,#두그림비교 #차이찾기 #같은그림,#고전 #스테디 #포맷 #두그림비교 #차이찾기 #같은그림
364,E,#고전 #스테디,#포맷,#알파벳E #튀긴화질 #파콰드 #부조리,#고전 #스테디 #포맷 #알파벳E #튀긴화질 #파콰드 #부조리
365,Amogus,#고전 #스테디,#포맷,#찌그러진우주인 #저화질 #빨간크루,#고전 #스테디 #포맷 #찌그러진우주인 #저화질 #빨간크루
366,When The Imposter Is Sus,#고전 #스테디,#포맷,#어몽어스 #임포스터 #붉은크루 #노래,#고전 #스테디 #포맷 #어몽어스 #임포스터 #붉은크루 #노래
367,Pointing Rick Dalton,#고전 #스테디,#반응짤,#TV가리키기 #맥주손 #알아봄 #디카프리오,#고전 #스테디 #반응짤 #TV가리키기 #맥주손 #알아봄 #디카프리오
368,Everything Everywhere Googly Eyes,#고전 #스테디,#포맷,#눈알스티커 #돌 #절벽 #감성,#고전 #스테디 #포맷 #눈알스티커 #돌 #절벽 #감성
369,Polite Cat,#고전 #스테디,#반응짤,#공손미소 #갈색고양이 #입꼬리,#고전 #스테디 #반응짤 #공손미소 #갈색고양이 #입꼬리
370,Screaming Cat,#고전 #스테디,#반응짤,#입쩍벌림 #울부짖음 #항의,#고전 #스테디 #반응짤 #입쩍벌림 #울부짖음 #항의
371,Huh Cat,#고전 #스테디,#반응짤,#뭐라고 #입벌림 #갸웃,#고전 #스테디 #반응짤 #뭐라고 #입벌림 #갸웃
372,Woman Pointing At Cat,#고전 #스테디,#포맷,#식탁 #샐러드접시 #흰고양이 #삿대질,#고전 #스테디 #포맷 #식탁 #샐러드접시 #흰고양이 #삿대질
373,They Ask You How You Are,#고전 #스테디,#포맷,#괜찮은척 #속마음 #억지미소,#고전 #스테디 #포맷 #괜찮은척 #속마음 #억지미소
374,Sad Hamster,#고전 #스테디,#반응짤,#햄스터 #글썽큰눈 #바이올린브금,#고전 #스테디 #반응짤 #햄스터 #글썽큰눈 #바이올린브금
375,Chipi Chipi Chapa Chapa,#2024,#영상 #틱톡,#고양이도리도리 #노래 #루비냥,#2024 #영상 #틱톡 #고양이도리도리 #노래 #루비냥
376,Oi Oi Oi Baby,#2024,#사운드 #틱톡,#드립사운드 #등장브금,#2024 #사운드 #틱톡 #드립사운드 #등장브금
377,Looking At My Wrist Where's My Money,#고전 #스테디,#반응짤,#손목시계보기 #재촉 #돈어딨어,#고전 #스테디 #반응짤 #손목시계보기 #재촉 #돈어딨어
378,Mob Wife Aesthetic,#2024,#라이프스타일 #틱톡,#모피코트 #선글라스 #레오파드 #화려,#2024 #라이프스타일 #틱톡 #모피코트 #선글라스 #레오파드 #화려
379,Nonchalant,#2025,#유행어 #틱톡,#무심한척 #쿨한척 #심드렁,#2025 #유행어 #틱톡 #무심한척 #쿨한척 #심드렁
380,Let Them Cook Variants,#고전 #스테디,#유행어,#요리중 #지켜보기 #기대,#고전 #스테디 #유행어 #요리중 #지켜보기 #기대
381,Skull Emoji,#고전 #스테디,#유행어,#해골이모지 #웃겨죽음 #💀,#고전 #스테디 #유행어 #해골이모지 #웃겨죽음 #💀
382,Real,#고전 #스테디,#유행어,#공감 #리얼 #맞는말,#고전 #스테디 #유행어 #공감 #리얼 #맞는말
383,Fumbled The Bag,#고전 #스테디,#유행어,#기회놓침 #가방떨어뜨림 #아깝다,#고전 #스테디 #유행어 #기회놓침 #가방떨어뜨림 #아깝다
384,Secure The Bag,#고전 #스테디,#유행어,#가방챙기기 #한몫 #기회잡기,#고전 #스테디 #유행어 #가방챙기기 #한몫 #기회잡기
385,Glazing,#2024,#유행어 #틱톡,#과잉칭찬 #아부 #빨아주기,#2024 #유행어 #틱톡 #과잉칭찬 #아부 #빨아주기
386,Crash Out,#2025,#유행어 #틱톡,#폭발 #이성잃음 #멘탈붕괴,#2025 #유행어 #틱톡 #폭발 #이성잃음 #멘탈붕괴
387,Yapping,#고전 #스테디,#유행어,#수다쟁이 #말많음 #떠들기,#고전 #스테디 #유행어 #수다쟁이 #말많음 #떠들기
388,Delusional Delulu,#고전 #스테디,#유행어,#망상긍정 #핑크필터 #행복회로,#고전 #스테디 #유행어 #망상긍정 #핑크필터 #행복회로
389,Serving Looks,#고전 #스테디,#유행어,#패션뽐내기 #비주얼 #런웨이,#고전 #스테디 #유행어 #패션뽐내기 #비주얼 #런웨이
390,Main Character Energy,#고전 #스테디,#유행어,#주인공기운 #스포트라이트 #서사,#고전 #스테디 #유행어 #주인공기운 #스포트라이트 #서사
391,Villain Era,#고전 #스테디,#유행어,#빌런선언 #검은옷 #내멋대로,#고전 #스테디 #유행어 #빌런선언 #검은옷 #내멋대로
392,Ok Then,#고전 #스테디,#유행어,#그래뭐 #시큰둥 #떨떠름,#고전 #스테디 #유행어 #그래뭐 #시큰둥 #떨떠름
393,Bro Thinks He's,#고전 #스테디,#유행어,#착각 #지가뭐라고 #허세,#고전 #스테디 #유행어 #착각 #지가뭐라고 #허세
394,Nah He Tweakin,#고전 #스테디,#유행어,#맛이감 #헛소리 #인스타,#고전 #스테디 #유행어 #맛이감 #헛소리 #인스타
395,It's The For Me,#고전 #스테디,#유행어,#킬포인트 #콕집기 #그부분,#고전 #스테디 #유행어 #킬포인트 #콕집기 #그부분
396,Understandable Have A Nice Day,#고전 #스테디,#포맷,#이해합니다 #좋은하루 #무심수긍,#고전 #스테디 #포맷 #이해합니다 #좋은하루 #무심수긍
397,Joe Mama,#고전 #스테디,#유행어,#조가누구야 #니엄마 #낚시,#고전 #스테디 #유행어 #조가누구야 #니엄마 #낚시
398,Deez Nuts,#고전 #스테디,#유행어,#되묻기낚시 #고전말장난,#고전 #스테디 #유행어 #되묻기낚시 #고전말장난
399,Certified Hood Classic,#고전 #스테디,#포맷,#명곡인증 #자막 #추억,#고전 #스테디 #포맷 #명곡인증 #자막 #추억
400,Emotional Damage,#고전 #스테디,#유행어,#외침 #정신적데미지 #스티븐허,#고전 #스테디 #유행어 #외침 #정신적데미지 #스티븐허
401,Bird Box Challenge,#고전 #스테디,#챌린지,#눈가리개 #안대 #더듬더듬,#고전 #스테디 #챌린지 #눈가리개 #안대 #더듬더듬
402,In My Feelings Challenge,#고전 #스테디,#챌린지,#차에서내려춤 #키키 #도로춤,#고전 #스테디 #챌린지 #차에서내려춤 #키키 #도로춤
403,Ice Bucket Challenge,#고전 #스테디,#챌린지,#얼음물양동이 #뒤집어쓰기 #지목 #기부,#고전 #스테디 #챌린지 #얼음물양동이 #뒤집어쓰기 #지목 #기부
404,Mannequin Challenge,#고전 #스테디,#챌린지,#정지동작 #얼음 #카메라이동,#고전 #스테디 #챌린지 #정지동작 #얼음 #카메라이동
405,Harlem Shake,#고전 #스테디,#영상,#헬멧 #혼자춤 #비트드롭 #떼춤폭발,#고전 #스테디 #영상 #헬멧 #혼자춤 #비트드롭 #떼춤폭발
406,Gangnam Style Reaction,#고전 #스테디,#영상,#말춤 #선글라스 #파란자켓 #강남,#고전 #스테디 #영상 #말춤 #선글라스 #파란자켓 #강남
407,Damn Daniel,#고전 #스테디,#영상,#흰반스 #신발자랑 #댐다니엘,#고전 #스테디 #영상 #흰반스 #신발자랑 #댐다니엘
408,Cash Me Ousside,#고전 #스테디,#유행어,#토크쇼소녀 #하우바우다 #도발,#고전 #스테디 #유행어 #토크쇼소녀 #하우바우다 #도발
409,Charlie Bit My Finger,#고전 #스테디,#영상,#아기형제 #손가락물기 #소파,#고전 #스테디 #영상 #아기형제 #손가락물기 #소파
410,David After Dentist,#고전 #스테디,#영상,#차뒷좌석 #마취몽롱 #이게진짜야,#고전 #스테디 #영상 #차뒷좌석 #마취몽롱 #이게진짜야
411,Chocolate Rain,#고전 #스테디,#영상,#저음노래 #마이크 #원테이크,#고전 #스테디 #영상 #저음노래 #마이크 #원테이크
412,Numa Numa,#고전 #스테디,#영상,#웹캠립싱크 #헤드폰 #신나는춤,#고전 #스테디 #영상 #웹캠립싱크 #헤드폰 #신나는춤
413,Double Rainbow,#고전 #스테디,#영상,#쌍무지개 #감격오열 #요세미티,#고전 #스테디 #영상 #쌍무지개 #감격오열 #요세미티
414,Leave Britney Alone,#고전 #스테디,#영상,#이불 #울면서절규 #금발,#고전 #스테디 #영상 #이불 #울면서절규 #금발
415,Star Wars Kid,#고전 #스테디,#영상,#광선검막대기 #혼자연습 #창고,#고전 #스테디 #영상 #광선검막대기 #혼자연습 #창고
416,Dramatic Chipmunk,#고전 #스테디,#영상,#홱돌아보기 #긴장브금 #프레리도그,#고전 #스테디 #영상 #홱돌아보기 #긴장브금 #프레리도그
417,Sneezing Panda,#고전 #스테디,#영상,#아기판다재채기 #화들짝엄마판다,#고전 #스테디 #영상 #아기판다재채기 #화들짝엄마판다
418,Grumpy Cat RIP,#고전 #스테디,#동물,#심술고양이 #추모 #안식,#고전 #스테디 #동물 #심술고양이 #추모 #안식
419,Keyboard Cat Play Off,#고전 #스테디,#동물,#피아노고양이 #파란셔츠 #퇴장연주,#고전 #스테디 #동물 #피아노고양이 #파란셔츠 #퇴장연주
420,Salt Bae Sprinkle,#고전 #스테디,#유명인,#팔꿈치소금 #선글라스 #고기썰기,#고전 #스테디 #유명인 #팔꿈치소금 #선글라스 #고기썰기
421,Overly Excited Guy,#고전 #스테디,#반응짤,#과잉흥분 #눈반짝 #환호,#고전 #스테디 #반응짤 #과잉흥분 #눈반짝 #환호
422,Gordon Ramsay Idiot Sandwich,#고전 #스테디,#반응짤,#식빵두장 #얼굴끼우기 #호통셰프,#고전 #스테디 #반응짤 #식빵두장 #얼굴끼우기 #호통셰프
423,Confused Nick Young,#고전 #스테디,#반응짤,#물음표둥둥 #농구선수 #갸웃,#고전 #스테디 #반응짤 #물음표둥둥 #농구선수 #갸웃
424,Blinking White Guy,#고전 #스테디,#반응짤,#눈끔뻑 #믿기지않음 #GIF,#고전 #스테디 #반응짤 #눈끔뻑 #믿기지않음 #GIF
425,Michael Jordan Crying,#고전 #스테디,#반응짤,#눈물얼굴합성 #패배자 #농구전설,#고전 #스테디 #반응짤 #눈물얼굴합성 #패배자 #농구전설
426,Tom Cruise Laugh,#고전 #스테디,#반응짤,#과장폭소 #박수 #인터뷰,#고전 #스테디 #반응짤 #과장폭소 #박수 #인터뷰
427,Distraction Dance,#고전 #스테디,#게임,#포트나이트춤 #양팔흔들기 #기본춤,#고전 #스테디 #게임 #포트나이트춤 #양팔흔들기 #기본춤
428,Weird Flex But OK,#고전 #스테디,#유행어,#이상한자랑 #어깨으쓱 #그래뭐,#고전 #스테디 #유행어 #이상한자랑 #어깨으쓱 #그래뭐
429,And I Took That Personally,#고전 #스테디,#반응짤,#조던다큐 #결의 #복수다짐,#고전 #스테디 #반응짤 #조던다큐 #결의 #복수다짐
430,They Don't Know Party,#고전 #스테디,#포맷,#파티구석 #혼자서있기 #생각풍선 #벽기대기,#고전 #스테디 #포맷 #파티구석 #혼자서있기 #생각풍선 #벽기대기
431,POV You're,#고전 #스테디,#포맷,#1인칭 #상황극 #카메라시점,#고전 #스테디 #포맷 #1인칭 #상황극 #카메라시점
432,Nobody Wants To Work Anymore,#고전 #스테디,#포맷,#옛날신문 #흑백사진 #반복역사,#고전 #스테디 #포맷 #옛날신문 #흑백사진 #반복역사
433,Aged Like Milk,#고전 #스테디,#유행어,#상한우유 #빗나간예측 #유통기한,#고전 #스테디 #유행어 #상한우유 #빗나간예측 #유통기한
434,Aged Like Fine Wine,#고전 #스테디,#유행어,#숙성와인 #세월의증명 #명언,#고전 #스테디 #유행어 #숙성와인 #세월의증명 #명언
435,Bro Really Said,#고전 #스테디,#유행어,#어이없는발언 #인용조롱,#고전 #스테디 #유행어 #어이없는발언 #인용조롱
436,The Audacity,#고전 #스테디,#유행어,#뻔뻔함 #무슨배짱 #기가참,#고전 #스테디 #유행어 #뻔뻔함 #무슨배짱 #기가참
437,Not The,#고전 #스테디,#유행어,#하필그거 #콕집기 #웃음포인트,#고전 #스테디 #유행어 #하필그거 #콕집기 #웃음포인트
438,Girl Help,#고전 #스테디,#유행어,#도와줘 #곤란 #허둥,#고전 #스테디 #유행어 #도와줘 #곤란 #허둥
439,Not Me,#고전 #스테디,#유행어,#설마내가 #자조 #찔림,#고전 #스테디 #유행어 #설마내가 #자조 #찔림
440,Tell Me Without Telling Me,#고전 #스테디,#포맷,#간접증명 #챌린지 #보여주기,#고전 #스테디 #포맷 #간접증명 #챌린지 #보여주기
441,It's Corn Kid,#고전 #스테디,#영상,#옥수수소년 #인터뷰 #찬양노래,#고전 #스테디 #영상 #옥수수소년 #인터뷰 #찬양노래
442,Corn Kid Big Lumps,#고전 #스테디,#영상,#옥수수알갱이 #즙 #가사,#고전 #스테디 #영상 #옥수수알갱이 #즙 #가사
443,Berries And Cream,#고전 #스테디,#영상,#더듬이머리 #초록옷 #사탕춤 #옛광고,#고전 #스테디 #영상 #더듬이머리 #초록옷 #사탕춤 #옛광고
444,Oh No Cringe,#고전 #스테디,#반응짤,#오노 #뒷걸음 #떨떠름,#고전 #스테디 #반응짤 #오노 #뒷걸음 #떨떠름
445,Zoomer vs Boomer,#고전 #스테디,#포맷,#세대대결 #젊은이늙은이 #대비,#고전 #스테디 #포맷 #세대대결 #젊은이늙은이 #대비
446,Big Chungus,#고전 #스테디,#캐릭터,#뚱뚱한토끼 #통통 #게임커버패러디,#고전 #스테디 #캐릭터 #뚱뚱한토끼 #통통 #게임커버패러디
447,Cheems,#고전 #스테디,#동물,#시바견 #어눌한말투 #음냐체 #울상,#고전 #스테디 #동물 #시바견 #어눌한말투 #음냐체 #울상
448,Swole Doge,#고전 #스테디,#동물,#근육시바견 #우람 #과거영광,#고전 #스테디 #동물 #근육시바견 #우람 #과거영광
449,Walter Dog,#고전 #스테디,#동물,#튀어나온눈 #불독 #정면응시,#고전 #스테디 #동물 #튀어나온눈 #불독 #정면응시
450,Bingus,#고전 #스테디,#동물,#털없는고양이 #스핑크스 #분홍피부,#고전 #스테디 #동물 #털없는고양이 #스핑크스 #분홍피부
451,Floppa,#고전 #스테디,#동물,#카라칼 #큰귀 #야생고양이,#고전 #스테디 #동물 #카라칼 #큰귀 #야생고양이
452,Maxwell The Cat,#고전 #스테디,#동물,#빙글빙글고양이 #회색고양이 #브금,#고전 #스테디 #동물 #빙글빙글고양이 #회색고양이 #브금
453,Banana Cat,#고전 #스테디,#동물,#바나나껍질 #우는고양이 #AI,#고전 #스테디 #동물 #바나나껍질 #우는고양이 #AI
454,Happy Cat Happy Happy,#고전 #스테디,#동물,#활짝웃는고양이 #해피송 #신남,#고전 #스테디 #동물 #활짝웃는고양이 #해피송 #신남
455,Impostor Vent,#고전 #스테디,#게임,#환풍구 #사라지기 #어몽어스,#고전 #스테디 #게임 #환풍구 #사라지기 #어몽어스
456,Emergency Meeting,#고전 #스테디,#게임,#긴급회의버튼 #소집 #테이블,#고전 #스테디 #게임 #긴급회의버튼 #소집 #테이블
457,Where Impostor,#고전 #스테디,#게임,#의심 #누구야 #투표,#고전 #스테디 #게임 #의심 #누구야 #투표
458,Kanye Shrug,#고전 #스테디,#반응짤,#어깨으쓱 #선글라스 #무심,#고전 #스테디 #반응짤 #어깨으쓱 #선글라스 #무심
459,Kanye Staring,#고전 #스테디,#반응짤,#무표정응시 #정면 #시큰둥,#고전 #스테디 #반응짤 #무표정응시 #정면 #시큰둥
460,Drake No Yes,#고전 #스테디,#포맷,#패딩 #손사래 #손가락승인 #2단,#고전 #스테디 #포맷 #패딩 #손사래 #손가락승인 #2단
461,Surprised Baby,#고전 #스테디,#반응짤,#휘둥그레아기 #입벌림 #충격,#고전 #스테디 #반응짤 #휘둥그레아기 #입벌림 #충격
462,Michael Scott That's What She Said,#고전 #스테디,#반응짤,#사무실 #끼어들기농담 #더오피스,#고전 #스테디 #반응짤 #사무실 #끼어들기농담 #더오피스
463,Jim Halpert Stare,#고전 #스테디,#반응짤,#카메라응시 #어이없음 #무언의눈빛,#고전 #스테디 #반응짤 #카메라응시 #어이없음 #무언의눈빛
464,Dwight Schrute False,#고전 #스테디,#반응짤,#안경 #머시룸컷 #단호반박 #틀렸어,#고전 #스테디 #반응짤 #안경 #머시룸컷 #단호반박 #틀렸어
465,Stanley Parable,#고전 #스테디,#반응짤,#시큰둥 #십자말풀이 #무관심,#고전 #스테디 #반응짤 #시큰둥 #십자말풀이 #무관심
466,Kermit Sipping Tea,#고전 #스테디,#반응짤,#립톤홍차 #홀짝 #능청 #창가,#고전 #스테디 #반응짤 #립톤홍차 #홀짝 #능청 #창가
467,Spongebob Rainbow Imagination,#고전 #스테디,#반응짤,#무지개손 #반짝반짝 #상상,#고전 #스테디 #반응짤 #무지개손 #반짝반짝 #상상
468,Distressed Pikachu,#고전 #스테디,#반응짤,#입벌린피카츄 #놀란척 #노란볼,#고전 #스테디 #반응짤 #입벌린피카츄 #놀란척 #노란볼
469,Bufo Cane Toad,#고전 #스테디,#캐릭터,#두꺼비이모지 #디스코드 #감정세트,#고전 #스테디 #캐릭터 #두꺼비이모지 #디스코드 #감정세트
470,Weird Al,#고전 #스테디,#유명인,#곱슬장발 #아코디언 #패러디송,#고전 #스테디 #유명인 #곱슬장발 #아코디언 #패러디송
471,Shrek Ogre,#고전 #스테디,#캐릭터,#초록괴물 #늪 #양파비유,#고전 #스테디 #캐릭터 #초록괴물 #늪 #양파비유
472,Shrek Somebody Once Told Me,#고전 #스테디,#사운드,#올스타 #오프닝송 #스매시마우스,#고전 #스테디 #사운드 #올스타 #오프닝송 #스매시마우스
473,Thomas The Tank Engine,#고전 #스테디,#캐릭터,#파란기차 #얼굴달린기차 #합성단골,#고전 #스테디 #캐릭터 #파란기차 #얼굴달린기차 #합성단골
474,John Cena Bing Chilling,#고전 #스테디,#영상,#아이스크림 #중국어 #차안영상,#고전 #스테디 #영상 #아이스크림 #중국어 #차안영상
475,You Wouldn't Get It,#고전 #스테디,#포맷,#조커화장? #넌몰라 #잘난척,#고전 #스테디 #포맷 #조커화장? #넌몰라 #잘난척
476,Uno Reverse Card,#고전 #스테디,#포맷,#리버스카드 #빨간카드 #반사,#고전 #스테디 #포맷 #리버스카드 #빨간카드 #반사
477,Infinite IQ,#고전 #스테디,#포맷,#무한지능 #4차원체스 #반어천재,#고전 #스테디 #포맷 #무한지능 #4차원체스 #반어천재
478,Bro Woke Up And Chose,#고전 #스테디,#유행어,#작정 #폭력선택 #독기,#고전 #스테디 #유행어 #작정 #폭력선택 #독기
479,Everyone Liked That,#고전 #스테디,#포맷,#폴아웃알림 #엄지 #만장일치,#고전 #스테디 #포맷 #폴아웃알림 #엄지 #만장일치
480,Nobody Liked That,#고전 #스테디,#포맷,#폴아웃알림 #비호감 #싸늘,#고전 #스테디 #포맷 #폴아웃알림 #비호감 #싸늘
481,Speech 100,#고전 #스테디,#포맷,#스카이림 #스킬업 #말빨만렙,#고전 #스테디 #포맷 #스카이림 #스킬업 #말빨만렙
482,Press F,#고전 #스테디,#게임,#F키 #경의 #장례식장면,#고전 #스테디 #게임 #F키 #경의 #장례식장면
483,Achievement Unlocked,#고전 #스테디,#포맷,#업적알림 #엑스박스 #팝업,#고전 #스테디 #포맷 #업적알림 #엑스박스 #팝업
484,Loading Bar,#고전 #스테디,#포맷,#로딩바 #진행률 #기다림,#고전 #스테디 #포맷 #로딩바 #진행률 #기다림
485,Windows Error,#고전 #스테디,#포맷,#오류팝업 #블루스크린 #경고음,#고전 #스테디 #포맷 #오류팝업 #블루스크린 #경고음
486,404 Not Found,#고전 #스테디,#포맷,#404 #페이지없음 #오류,#고전 #스테디 #포맷 #404 #페이지없음 #오류
487,Task Manager End Task,#고전 #스테디,#포맷,#작업관리자 #강제종료 #응답없음,#고전 #스테디 #포맷 #작업관리자 #강제종료 #응답없음
488,Ctrl Z,#고전 #스테디,#유행어,#되돌리기 #단축키 #실수취소,#고전 #스테디 #유행어 #되돌리기 #단축키 #실수취소
489,This Is Fine Dog Fire,#고전 #스테디,#반응짤,#불타는방 #커피강아지 #모자 #태연,#고전 #스테디 #반응짤 #불타는방 #커피강아지 #모자 #태연
490,Bernie Sanders Chair,#고전 #스테디,#합성,#접이식의자 #벙어리장갑 #패딩 #합성,#고전 #스테디 #합성 #접이식의자 #벙어리장갑 #패딩 #합성
491,Guy Staring At Screen,#고전 #스테디,#반응짤,#모니터응시 #멍 #현타,#고전 #스테디 #반응짤 #모니터응시 #멍 #현타
492,Salute Emoji,#고전 #스테디,#유행어,#경례 #🫡 #수긍,#고전 #스테디 #유행어 #경례 #🫡 #수긍
493,Standing On Business Meme,#2024,#유행어 #틱톡,#진지모드 #할일엔진심 #단호,#2024 #유행어 #틱톡 #진지모드 #할일엔진심 #단호
494,Aura Points Meme,#2025,#유행어 #GenAlpha,#아우라점수 #플러스마이너스 #간지,#2025 #유행어 #GenAlpha #아우라점수 #플러스마이너스 #간지
495,Looksmaxxing Meme,#2024,#유행어 #GenAlpha,#외모관리 #턱운동 #셀프개조,#2024 #유행어 #GenAlpha #외모관리 #턱운동 #셀프개조
496,Mewing Shush,#2024,#유행어 #GenAlpha,#쉿제스처 #턱쓸기 #혀입천장,#2024 #유행어 #GenAlpha #쉿제스처 #턱쓸기 #혀입천장
497,Fanum Tax Meme,#2024,#유행어 #GenAlpha,#음식한입 #뺏어먹기 #세금,#2024 #유행어 #GenAlpha #음식한입 #뺏어먹기 #세금
498,Gyatt Meme,#2024,#유행어 #GenAlpha,#과장감탄 #갓뎀 #슬랭,#2024 #유행어 #GenAlpha #과장감탄 #갓뎀 #슬랭
499,Rizzler,#2024,#유행어 #GenAlpha,#작업고수 #매력만렙 #윙크,#2024 #유행어 #GenAlpha #작업고수 #매력만렙 #윙크
500,Only In Ohio,#스테디,#유행어 #GenAlpha,#오하이오 #기괴사건 #미국주,#스테디 #유행어 #GenAlpha #오하이오 #기괴사건 #미국주
